INDEX,DATE,YEAR,MONTH,ACP1,ACP2,ACP3,ACP4,ACP5,ACP6,ACP7,ACP8,ACP9,ACP10,ACP11,ACP12,ACP13,ACP14,ACP15,ACP16,ACP17,ACP18,ACP19,ACP20,ACP21,ACP22,ACP23,ACP24,ACP25
1,199201,1992,01,0,13.58695652,6.793478261,0,2812.497826,40.76086957,1766.304348,944.2934783,163.0434783,13.58695652,0,0,0,67.93478261,625,1283.967391,9510.873913,4239.132609,0,0,0,0,0,0,61.14130435
2,199202,1992,02,24.67105263,0,0,0,24.67105263,0,82.23684211,411.1842105,32.89473684,0,0,0,0,0,0,32.89473684,11217.10526,0,0,115.1315789,0,0,0,0,74.01315789
3,199203,1992,03,2306.032759,1837.284483,0,0,0,0,0,75.43103448,0,926.7241379,700.4310345,134.6982759,0,0,0,0,10867.46034,3857.758621,0,32.32758621,506.4655172,172.4137931,10.77586207,188.5775862,2279.094828
4,199204,1992,04,8371.390385,6298.078846,5498.792308,450.7211538,769.2307692,138.2211538,4320.917308,787.2596154,8269.232692,1568.509615,3725.959615,8173.078846,12163.46923,0,1640.625,1790.865385,4368.986538,10234.38077,2746.394231,3756.009615,5973.553846,7914.669231,5336.534615,5661.057692,625
5,199205,1992,05,17531.24333,2781.25,7489.581667,6645.835,3182.291667,3635.418333,7541.661667,2000,12104.165,2229.166667,5078.128333,6260.415,9468.741667,3338.543333,7291.668333,5505.208333,1989.585,7869.79,1223.958333,1890.625,4718.748333,28005.21333,12218.74333,6026.04,1625
6,199206,1992,06,17860.05,4307.065217,7445.647826,7499.997826,4089.673913,3953.804348,9008.154348,3593.75,14680.70435,2778.532609,6956.521739,5135.869565,10611.41522,1997.282609,4687.5,2798.913043,2044.836957,5781.247826,631.7934783,1107.336957,1514.945652,9891.306522,3552.986957,2044.83913,2085.595652
7,199207,1992,07,25022.32679,4174.107143,7393.978571,9397.319643,4257.810714,4659.601786,7198.660714,2734.375,7405.135714,2092.633929,5742.183929,2862.723214,7684.146429,691.9642857,1378.348214,468.75,5597.098214,2935.267857,2120.535714,1383.928571,2689.732143,16897.31964,10541.29286,4358.258929,2935.267857
8,199208,1992,08,18921.87,3286.458333,10234.38333,6109.368333,3505.208333,5385.411667,5005.205,2416.666667,4994.795,2265.625,3963.545,4885.42,8010.415,72.91666667,411.4583333,848.9583333,2739.585,2416.668333,1911.458333,1354.166667,4161.458333,13182.29167,3421.873333,1328.125,390.625
9,199209,1992,09,26481.67759,3318.965517,6842.672414,7219.82931,3087.282759,7607.762069,8195.043103,4084.051724,14278.01379,2327.586207,3049.565517,3195.043103,10247.83793,468.75,980.6034483,1390.086207,393.3189655,3620.689655,1885.775862,2607.758621,6029.098276,11206.89828,3491.377586,1557.112069,1260.775862
10,199210,1992,10,21531.25333,2322.916667,13286.45167,7630.205,4427.083333,7838.545,10572.92,4468.75,14463.545,5473.958333,17031.25333,2557.291667,14520.83833,947.9166667,2578.128333,2677.086667,2968.75,7197.913333,2406.25,2916.666667,5697.916667,11171.87833,6843.753333,3322.916667,2968.75
11,199211,1992,11,29459.13846,6580.526923,7307.688462,5943.511538,8275.228846,5054.088462,6820.915385,2481.971154,9435.090385,4759.615385,21742.78462,847.3557692,12373.8,7614.180769,4723.553846,6328.128846,18311.30769,7554.088462,1856.971154,3563.701923,7920.673077,26586.54423,7842.553846,5907.451923,7175.486538
12,199212,1992,12,NA,NA,NA,NA,NA,NA,NA,NA,NA,NA,NA,NA,NA,NA,NA,NA,NA,NA,NA,NA,NA,NA,NA,NA,NA
13,199301,1993,01,0,35.51136364,0,0,1349.427273,49.71590909,0,0,0,21.30681818,0,21.30681818,0,120.7386364,0,0,802.5568182,10625,404.8295455,2911.931818,5973.018182,7.102272727,0,0,0
14,199302,1993,02,0,16.74107143,0,0,0,0,0,0,0,16.74107143,0,0,0,11.16071429,0,0,251.1160714,4179.680357,0,0,0,0,0,0,0
15,199303,1993,03,17137.27321,7823.669643,1305.805357,0,0,0,0,5.580357143,0,831.4714286,1216.519643,1010.046429,764.5107143,22.32142857,0,585.9357143,10468.75179,412.9464286,139.5089286,647.3214286,2661.830357,2896.203571,1556.919643,435.2678571,1702.008929
16,199304,1993,04,15218.75333,7364.586667,8802.083333,385.415,15.625,177.0833333,6317.708333,2578.125,2369.791667,9687.493333,9130.21,5197.918333,13567.705,3973.953333,4369.79,5354.17,4593.753333,3807.293333,2135.416667,1729.166667,4296.871667,17255.20833,9531.243333,5625.003333,2843.75
17,199305,1993,05,12928.42419,1537.298387,8886.083871,5317.541935,4117.943548,6849.803226,6683.464516,4460.685484,11698.59032,2197.580645,2273.185484,4526.209677,9521.174194,5811.490323,3568.551613,1678.427419,5871.972581,6653.224194,1708.669355,1678.427419,4052.416129,13563.50645,5846.775806,3800.404839,3765.119355
18,199306,1993,06,9234.912069,1109.913793,10501.08103,10748.91724,2101.293103,1724.137931,6260.774138,4908.405172,16109.91034,5145.472414,11293.11034,3852.37069,11616.38621,2672.413793,4164.872414,1212.284483,5398.708621,2667.027586,1239.224138,996.7672414,6481.682759,12413.78621,3092.674138,1470.905172,1357.758621
19,199307,1993,07,13888.88704,3043.981481,4583.331481,4178.237037,2766.203704,3130.787037,3495.37037,2575.231481,9461.801852,1967.592593,4160.881481,2760.416667,9357.631481,399.3055556,1510.416667,462.962963,8709.490741,7089.122222,1631.944444,2048.611111,4837.962963,11516.1963,6371.527778,1539.351852,1221.064815
20,199308,1993,08,8971.772581,1214.717742,6910.279032,8654.230645,2484.879032,2253.024194,3800.403226,2217.741935,8482.854839,216.733871,13371.97419,3009.072581,10982.86774,468.75,2293.346774,2580.645161,3518.141935,9632.056452,1653.225806,1905.241935,4218.75,8538.31129,5302.422581,1053.427419,1869.959677
21,199309,1993,09,14072.92,1906.25,4557.288333,4151.041667,1489.583333,4859.375,4729.168333,3437.5,10713.54333,255.2083333,8203.126667,3604.166667,17807.28833,692.7083333,2484.375,1234.375,3109.375,2937.5,937.5,1828.125,3786.458333,13572.90833,4036.46,1598.958333,906.25
22,199310,1993,10,32286.455,1239.583333,8635.415,7661.458333,2437.5,3901.043333,8088.545,2541.666667,19500,270.8333333,21588.53667,4442.708333,18536.455,645.8333333,3265.626667,2755.208333,3401.043333,1208.333333,421.875,411.4583333,4000,15026.04,6739.58,5505.208333,9338.538333
23,199311,1993,11,8263.885185,3495.37037,17.36111111,12887.72963,7575.22963,8559.024074,13078.71852,8622.681481,15225.69444,208.3333333,18055.56111,4062.501852,7337.962963,6481.475926,11394.67593,8049.772222,4091.431481,11840.28704,2743.055556,1197.916667,5069.444444,7170.137037,11846.07037,9641.196296,6747.687037
24,199312,1993,12,NA,NA,NA,NA,NA,NA,NA,NA,NA,NA,NA,NA,NA,NA,NA,NA,NA,NA,NA,NA,NA,NA,NA,NA,NA
25,199401,1994,01,0,67.70833333,0,0,0,98.95833333,26.04166667,0,52.08333333,15.625,0,0,0,2239.583333,1119.791667,0,13218.74667,6781.246667,4125,6338.541667,11343.75667,687.5,26.04166667,0,0
26,199402,1994,02,0,0,0,0,5.787037037,28.93518519,0,17.36111111,0,11.57407407,0,0,0,3188.657407,6105.324074,0,4646.990741,0,5202.546296,6417.824074,13859.95556,1574.074074,8715.275926,7141.222222,0
27,199403,1994,03,9296.87,5046.876667,5817.706667,0,380.2083333,0,921.8733333,583.3333333,5.208333333,140.625,281.25,286.4583333,0,1979.166667,4281.25,3552.08,2843.748333,2458.33,833.3333333,2442.708333,10307.30333,12708.34,2015.625,2458.331667,3067.708333
28,199404,1994,04,17279.1,5991.375862,16670.25517,1729.522414,4143.318966,1821.12069,6153.012069,3798.489655,9035.562069,1864.224138,3733.837931,3690.732759,10646.55,1853.448276,3744.612069,2025.862069,7327.582759,4137.931034,802.8017241,1072.198276,3453.663793,7839.441379,6934.27069,4121.763793,3071.12069
29,199405,1994,05,7015.623333,1848.958333,9031.251667,6442.706667,2947.916667,6270.831667,5109.375,3973.958333,6817.708333,2822.916667,968.75,4328.126667,5630.21,3229.166667,4317.708333,3130.208333,6619.79,7062.501667,765.625,734.375,1078.125,6713.541667,3416.668333,1234.375,437.5
30,199406,1994,06,11790.36458,2916.664583,11660.15417,3580.729167,4140.625,8873.7,5820.316667,4876.302083,22382.80417,9283.854167,15169.26458,2115.885417,12779.93958,2825.520833,4921.872917,5058.59375,5976.55625,5078.122917,1295.572917,618.4895833,1009.114583,5488.28125,3880.20625,1998.695833,748.6979167
31,199407,1994,07,10156.25,2656.248148,6973.381481,4728.009259,2737.268519,6186.338889,5653.935185,2881.944444,19143.52222,7517.362963,7019.677778,3929.398148,16689.81852,914.3518519,3622.685185,4184.025926,659.7222222,2025.462963,1903.935185,723.3796296,144.6759259,7222.22037,2337.962963,891.2037037,1793.981481
32,199408,1994,08,15156.23871,2056.451613,5050.404839,1280.241935,866.9354839,3936.491935,3714.717742,2928.427419,11567.53065,3689.514516,4087.701613,3921.370968,13513.1,2777.216129,2253.024194,1507.056452,2706.653226,3276.209677,1068.548387,488.9112903,10.08064516,6612.903226,2515.120968,1275.201613,660.2822581
33,199409,1994,09,33083.335,3307.291667,8177.085,3343.75,1979.166667,3848.958333,5697.915,3375,14770.825,8317.711667,6291.666667,2817.708333,19770.83167,3661.46,5932.29,2489.581667,927.0816667,7093.75,1734.375,1572.916667,833.3333333,11244.79,2911.458333,1078.125,3208.333333
34,199410,1994,10,28845.76452,5766.127419,8190.527419,3487.903226,3225.806452,4984.874194,6401.208065,1693.548387,19662.29516,12132.05161,16970.76129,6643.145161,12787.30645,2842.741935,5201.614516,2167.33871,2857.862903,4536.291935,619.9596774,740.9274194,645.1612903,3719.756452,483.8709677,2308.467742,4430.443548
35,199411,1994,11,35377.59583,3958.333333,10800.78125,9069.008333,6054.6875,8020.827083,10462.23333,3326.822917,25403.64583,5826.833333,7558.6,3144.53125,27851.56667,6236.98125,3131.508333,3984.375,16263.01667,17180.98125,3854.1625,4570.3125,2623.697917,24986.97917,11197.91458,8229.16875,9472.654167
36,199412,1994,12,NA,NA,NA,NA,NA,NA,NA,NA,NA,NA,NA,NA,NA,NA,NA,NA,NA,NA,NA,NA,NA,NA,NA,NA,NA
37,199501,1995,01,0,31.25,0,10.41666667,3317.706667,0,15.625,62.5,62.5,0,0,0,10.41666667,0,0,0,348.9583333,0,0,0,1781.25,0,2921.876667,1953.123333,46.875
38,199502,1995,02,123.9224138,0,0,64.65517241,5053.87931,96.98275862,2079.739655,37.71551724,96.98275862,5.387931034,0,0,0,355.6034483,0,0,7537.710345,0,0,0,1923.491379,5.387931034,10.77586207,5.387931034,625
39,199503,1995,03,12807.45806,4521.170968,730.8483871,0,665.3225806,1451.614516,3326.612903,745.9677419,70.56451613,65.52419355,393.1451613,1391.129032,4112.9,519.1532258,226.8145161,0,8382.053226,630.0419355,619.9596774,927.4193548,3331.653226,2671.377419,1834.674194,448.5887097,3966.732258
40,199504,1995,04,12457.93846,4867.788462,6219.955769,504.8076923,1658.653846,4429.084615,5817.311538,2734.373077,5655.053846,1262.019231,3335.338462,6628.603846,12704.33077,2247.596154,4891.825,3305.286538,6820.903846,7229.575,4843.75,5474.759615,10186.30385,16292.06923,10342.55385,5576.921154,1400.240385
41,199505,1995,05,8906.253571,1422.991071,6378.342857,5306.925,4430.805357,5172.994643,7617.189286,4347.098214,20318.0875,7918.528571,8404.014286,3710.9375,10636.15357,2667.410714,5323.660714,3945.316071,5541.296429,3058.0375,2025.669643,864.9553571,3108.258929,10725.44464,4196.430357,3320.3125,3482.139286
42,199506,1995,06,14274.55893,2957.589286,13275.67143,5496.651786,3543.526786,3158.480357,4877.228571,2527.901786,14162.93929,5680.805357,5200.892857,3080.357143,8867.1875,3571.426786,4107.142857,792.4107143,9397.317857,7935.269643,27.90178571,368.3035714,898.4375,3660.716071,2762.276786,1484.375,870.5357143
43,199507,1995,07,13756.256,1793.75,12981.258,12187.498,5268.75,7218.748,6225,1937.5,16312.49,7881.254,12056.246,2231.25,14474.994,587.5,1900,612.5,2368.748,7118.752,706.25,406.25,1312.5,11562.504,4187.494,1981.252,775
44,199508,1995,08,17406.24833,2828.125,7369.791667,7312.496667,3109.375,4041.67,5036.458333,291.6666667,14296.88167,2343.751667,1322.913333,5260.416667,8604.163333,1442.708333,1187.5,161.4583333,3031.25,2187.5,1380.208333,984.375,3343.75,6807.295,1963.54,2140.625,1098.958333
45,199509,1995,09,22458.34167,1427.083333,7197.916667,4942.708333,1833.333333,2640.625,4171.875,1088.541667,8062.498333,4859.375,6354.163333,2953.125,13781.25167,4515.626667,5281.251667,2015.625,3135.416667,6718.746667,1520.833333,1729.166667,5203.125,10260.41833,2437.498333,1390.625,1385.416667
46,199510,1995,10,21335.68387,2323.58871,19954.63548,12333.66452,1431.451613,5020.162903,4753.024194,1748.990323,11436.48387,4889.112903,8371.972581,6789.316129,15362.90484,4611.893548,8382.056452,5635.080645,1950.606452,2706.653226,1144.153226,1859.879032,8175.4,14138.10484,2691.532258,1799.395161,4430.443548
47,199511,1995,11,18378.23793,5953.658621,14267.24138,5517.241379,4218.75,4768.324138,4024.777586,2101.293103,15969.82241,1163.793103,2925.646552,6390.077586,26007.53793,851.2931034,4698.275862,6029.089655,3782.32931,10932.11724,4601.293103,5581.896552,12268.31379,23114.21379,10883.62069,8836.201724,3857.756897
48,199512,1995,12,NA,NA,NA,NA,NA,NA,NA,NA,NA,NA,NA,NA,NA,NA,NA,NA,NA,NA,NA,NA,NA,NA,NA,NA,NA
49,199601,1996,01,0,26.93965517,0,32.32758621,0,0,0,210.1293103,26.93965517,0,0,0,0,0,10.77586207,425.6465517,1562.5,7753.22931,5.387931034,0,0,10.77586207,5.387931034,0,0
50,199602,1996,02,1616.37931,0,0,0,0,0,0,732.7586207,5.387931034,5.387931034,0,0,0,0,0,32.32758621,12322.20517,10.77586207,0,0,0,5.387931034,0,0,0
51,199603,1996,03,8141.167241,969.8275862,16.1637931,21.55172414,0,0,0,123.9224138,1142.239655,1966.598276,1772.62931,948.2758621,1239.224138,0,220.9051724,0,5479.527586,0,226.2931034,646.5517241,1907.331034,5668.101724,2106.684483,1201.508621,3108.837931
52,199604,1996,04,15047.55435,7982.341304,9334.241304,1358.693478,1447.008696,176.6304348,2683.423913,1983.695652,7941.580435,4558.426087,4062.5,6202.45,14307.07826,2418.478261,5597.821739,849.1847826,7146.743478,2493.206522,3192.934783,4714.673913,8322.019565,13600.54348,12683.42609,5869.563043,3695.652174
53,199605,1996,05,11977.16923,3792.065385,12475.95962,10877.40962,7644.226923,5823.313462,8257.207692,3713.942308,11532.45769,4867.784615,913.4615385,5288.461538,7518.019231,1640.625,4344.951923,2782.453846,1195.915385,2710.336538,1256.009615,612.9807692,4459.134615,18052.87692,4735.578846,1592.548077,4615.384615
54,199606,1996,06,24771.64615,1941.105769,5919.475,3167.065385,949.5192308,2373.796154,7163.463462,1382.211538,9669.476923,3449.519231,2764.419231,5246.396154,14783.65192,757.2115385,3377.401923,3137.019231,1736.778846,3118.990385,570.9134615,1009.615385,2866.586538,11003.60962,3419.471154,2331.730769,3413.461538
55,199607,1996,07,22645.83667,4062.5,7171.883333,3447.915,2963.541667,5098.958333,5203.128333,3187.5,13906.24833,2114.58,4624.998333,6026.043333,18182.3,161.4583333,2348.958333,3187.5,2723.956667,3395.831667,307.2916667,223.9583333,776.0416667,4718.753333,1484.375,567.7083333,864.5833333
56,199608,1996,08,13197.54643,2873.883929,10351.5625,2327.007143,6099.330357,10491.06786,8041.294643,1093.75,15184.15,7170.7625,15323.65893,2505.580357,16702.00893,2047.989286,2929.6875,1339.285714,6071.426786,6741.067857,1093.75,435.2678571,658.4821429,7204.246429,6099.333929,2327.008929,2918.526786
57,199609,1996,09,13598.96167,4328.125,12947.92167,3958.335,4854.166667,7302.08,7963.538333,750,15994.785,2546.875,3791.666667,4890.621667,14744.79,536.4583333,2916.666667,1942.708333,421.875,8781.248333,3223.958333,1114.583333,1703.125,14078.12333,6848.955,3479.166667,1828.125
58,199610,1996,10,24288.78621,4628.232759,17063.58276,4903.017241,4552.801724,7235.996552,8232.758621,3022.62931,13211.21897,6584.053448,9843.748276,3480.601724,14649.7931,840.5172414,3938.577586,5457.972414,2758.624138,10937.49655,1427.801724,1637.931034,6934.267241,16136.84655,7564.656897,6066.808621,2187.5
59,199611,1996,11,25331.24,8568.752,5543.75,7012.5,10224.99,2862.496,3499.998,7562.506,13537.498,10643.75,29056.248,3687.5,312.5,1206.248,7181.248,3525.002,9093.75,18243.758,3356.25,2381.25,7187.512,34306.25,12362.5,9187.502,3856.246
60,199612,1996,12,NA,NA,NA,NA,NA,NA,NA,NA,NA,NA,NA,NA,NA,NA,NA,NA,NA,NA,NA,NA,NA,NA,NA,NA,NA
61,199701,1997,01,770.8333333,10.41666667,125,510.4166667,4098.956667,468.75,583.3333333,229.1666667,0,0,0,0,0,0,10.41666667,52.08333333,26911.44333,6260.416667,5.208333333,0,0,83.33333333,0,0,0
62,199702,1997,02,0,5.387931034,0,0,942.887931,0,457.9741379,91.59482759,0,0,0,0,0,0,0,0,13723.06207,0,0,0,0,10.77586207,0,0,0
63,199703,1997,03,8114.917742,5146.169355,1592.741935,0,156.25,105.8467742,549.3951613,35.28225806,2338.71129,1713.709677,2404.232258,85.68548387,10.08064516,0,0,0,8165.325806,388.1032258,372.983871,272.1774194,887.0967742,2434.477419,0,45.36290323,3230.846774
64,199704,1997,04,14473.955,3552.081667,11796.87833,3630.208333,4031.25,2812.501667,9874.998333,4328.125,20625.00333,6921.871667,14817.7,5703.123333,12640.625,104.1666667,3057.291667,4208.333333,1822.916667,7531.248333,802.0833333,734.375,3333.331667,18411.45,2807.293333,1937.5,1562.5
65,199705,1997,05,16604.16167,5088.54,9052.078333,3531.251667,3234.375,6338.543333,6822.916667,1932.291667,9322.916667,4859.373333,5432.288333,4296.875,7968.75,3666.666667,5510.416667,4744.791667,2114.583333,1812.498333,562.5,1088.541667,3213.541667,5656.25,1395.831667,953.125,557.2916667
66,199706,1997,06,18322.915,3109.375,8859.378333,6302.081667,5760.416667,6963.545,6223.956667,2750,15171.87833,7713.54,12208.33,5656.248333,12723.955,3557.291667,3401.041667,1036.458333,3812.498333,7270.835,958.3333333,442.7083333,4703.123333,10546.875,3963.541667,1625,2223.958333
67,199707,1997,07,12011.09032,1658.266129,5761.085484,3729.83871,2797.379032,5065.527419,3649.191935,544.3548387,10761.09516,5670.364516,6219.754839,2641.129032,9112.901613,3044.354839,1048.387097,161.2903226,2237.901613,1708.669355,413.3064516,181.4516129,2338.709677,2822.580645,1890.120968,1023.185484,1461.693548
68,199708,1997,08,11522.18226,841.733871,6300.398387,3387.096774,4259.072581,2560.483871,3351.814516,1340.725806,9632.045161,3941.530645,3760.079032,2842.741935,10882.04355,1940.524194,1925.403226,1209.677419,1335.685484,3790.324194,660.2822581,30.24193548,1648.185484,3583.669355,1129.032258,695.5645161,786.2903226
69,199709,1997,09,25991.37414,1460.12931,7031.248276,3890.086207,3001.077586,3626.082759,4983.836207,447.1982759,13119.61207,2974.137931,3890.086207,3216.594828,10393.32414,2451.508621,1594.827586,425.6465517,7295.258621,4924.57069,1454.741379,1373.922414,1217.672414,7828.662069,5549.568966,2860.991379,5635.777586
70,199710,1997,10,21144.15645,2121.975806,15892.14194,5060.487097,3936.48871,6053.424194,9007.054839,1381.046774,15645.15645,3296.370968,13397.18065,4117.943548,22540.31613,2666.330645,2928.427419,1824.596774,5645.162903,3417.33871,267.1370968,201.6129032,2827.620968,3306.45,5745.970968,3760.080645,5992.945161
71,199711,1997,11,15996.77241,3238.146552,1804.956897,9579.741379,10867.46034,6891.158621,5070.043103,10474.13276,9536.641379,4703.663793,16185.34483,3168.103448,14256.46724,8017.241379,5447.198276,1104.525862,8405.174138,7952.587931,4251.077586,3448.275862,4870.689655,22909.48621,14326.5069,8615.296552,10818.97241
72,199712,1997,12,NA,NA,NA,NA,NA,NA,NA,NA,NA,NA,NA,NA,NA,NA,NA,NA,NA,NA,NA,NA,NA,NA,NA,NA,NA
73,199801,1998,01,50.40322581,10.08064516,0,5.040322581,1330.645161,0,0,45.36290323,105.8467742,5.040322581,0,0,0,0,0,0,30.24193548,3785.282258,1411.290323,1345.766129,2469.76129,9884.070968,8936.490323,7777.222581,0
74,199802,1998,02,549.5689655,10.77586207,0,5.387931034,5.387931034,0,0,21.55172414,5.387931034,37.71551724,0,0,0,0,0,0,0,0,0,37.71551724,457.9724138,16.1637931,845.9034483,813.5793103,193.9655172
75,199803,1998,03,22553.88276,9105.601724,7128.227586,0,5.387931034,0,2559.267241,5.387931034,1993.532759,2306.032759,1885.775862,1104.524138,1287.718966,0,0,0,7914.872414,0,1535.560345,2629.310345,6320.036207,21901.94138,7866.37069,8432.105172,3970.905172
76,199804,1998,04,17671.88,2630.208333,10098.965,3625.001667,4062.5,2364.583333,6213.543333,4536.46,5203.126667,1723.956667,2916.663333,2911.456667,4541.67,1479.165,1229.165,187.5,7020.841667,1906.25,604.1666667,765.625,3177.083333,11052.095,4359.375,3187.501667,1369.791667
77,199805,1998,05,13044.36129,2681.451613,6693.53871,2958.669355,5549.395161,5025.201613,8039.316129,6683.466129,10347.77742,2666.330645,4732.862903,5710.685484,13472.77742,2903.225806,3699.595161,584.6774194,9758.06129,5176.404839,453.6290323,730.8467742,1587.701613,7661.290323,1663.306452,1270.16129,2137.096774
78,199806,1998,06,20911.46667,4171.875,11468.75833,3083.333333,2927.083333,4338.543333,5593.748333,4786.46,9802.078333,6333.328333,5812.498333,3385.42,13494.78833,1531.25,2848.958333,3208.333333,6687.5,2536.456667,984.375,1588.541667,2244.791667,9083.335,2067.706667,1515.625,4791.663333
79,199807,1998,07,12147.17581,2787.298387,8840.733871,4375,3407.258065,1123.991935,4863.912903,987.9032258,4722.782258,5141.130645,3780.245161,2817.540323,9380.040323,1416.330645,2555.443548,2021.169355,1406.25,6794.351613,2011.08871,1708.669355,4223.790323,10312.50323,4455.646774,1244.959677,2247.983871
80,199808,1998,08,35802.08667,2015.625,10411.465,7489.588333,4447.915,5812.496667,5437.501667,3364.585,19317.70667,6776.036667,1953.125,1625,9885.415,119.7916667,276.0416667,463.5416667,2828.123333,6015.625,4114.583333,2833.333333,4317.708333,10682.295,7708.333333,4046.875,4447.918333
81,199809,1998,09,16739.58833,723.9583333,13359.38167,8515.631667,3875,4145.831667,5718.75,1843.75,18671.875,7468.746667,3942.706667,3119.79,10755.20833,968.75,3546.875,796.875,4718.748333,6864.581667,1119.791667,703.125,4046.875,6791.661667,5328.128333,3885.416667,5239.585
82,199810,1998,10,17948.58065,8049.396774,12605.85161,10211.69839,4143.145161,5055.441935,6043.346774,9122.980645,22263.10484,7026.206452,7268.148387,3099.798387,17424.40323,987.9032258,6134.069355,1265.120968,544.3548387,6794.354839,4319.556452,4027.217742,8135.079032,24153.21129,11789.31129,9102.819355,2646.169355
83,199811,1998,11,8733.853448,11320.05,13049.56552,6815.731034,7020.472414,6244.615517,11099.14483,9024.784483,6298.493103,9073.286207,17112.06207,1379.310345,24234.91724,2031.25,3863.144828,8464.436207,18949.36207,7990.298276,3787.715517,5377.155172,9520.475862,16379.30172,7246.767241,8383.622414,2957.974138
84,199812,1998,12,NA,NA,NA,NA,NA,NA,NA,NA,NA,NA,NA,NA,NA,NA,NA,NA,NA,NA,NA,NA,NA,NA,NA,NA,NA
85,199901,1999,01,86.20689655,32.32758621,0,0,9121.777586,490.3017241,549.5672414,3604.525862,959.0517241,0,0,0,0,32.32758621,220.9051724,0,18663.79828,2478.448276,0,0,0,10.77586207,3254.313793,3383.62069,0
86,199902,1999,02,1384.698276,0,0,0,1336.206897,301.7241379,457.9758621,0,0,96.98275862,0,0,0,16.1637931,0,0,23313.56207,0,0,344.8275862,0,43.10344828,0,0,0
87,199903,1999,03,14178.43065,3790.322581,1547.379032,0,70.56451613,413.3064516,3382.056452,473.7903226,1224.8,1310.482258,1421.370968,2091.737097,3205.646774,0,0,0,4480.85,90.72580645,403.2258065,1713.709677,3513.106452,6910.285484,6562.504839,3326.614516,3523.18871
88,199904,1999,04,30302.06333,1427.083333,10895.84,3473.958333,984.375,6572.921667,8458.336667,2000,10755.20167,7687.505,6250.006667,6989.583333,13182.28833,2281.251667,3057.288333,614.5833333,1864.583333,177.0833333,822.9166667,1359.375,4515.623333,13177.08333,6354.163333,2572.916667,3406.248333
89,199905,1999,05,18104.84194,1557.459677,7379.033871,5493.948387,2963.708065,8422.382258,10761.0871,2832.66129,5433.466129,4989.920968,3755.041935,4778.225806,7711.695161,1814.516129,6542.33871,3462.701613,1068.548387,1955.645161,2726.814516,1421.370968,2626.008065,7686.495161,5700.606452,1930.443548,2253.024194
90,199906,1999,06,15020.83167,1161.458333,13010.42,10942.70667,6473.956667,9135.416667,7161.463333,2666.666667,14416.66833,9135.413333,9692.708333,2307.291667,15552.08167,781.25,5531.25,6552.076667,1098.958333,3322.916667,3067.708333,1442.708333,1260.416667,11661.45833,7989.581667,3166.666667,4385.415
91,199907,1999,07,11224.80484,2535.282258,7666.325806,6653.225806,307.4596774,3497.982258,4082.66129,211.6935484,13629.02581,6113.912903,4259.074194,2691.532258,10231.85323,3790.319355,3644.15,2121.975806,549.3951613,5791.333871,1386.08871,413.3064516,1628.024194,8906.246774,5756.046774,2399.193548,6290.324194
92,199908,1999,08,10786.28387,1648.185484,3361.895161,9425.404839,2706.653226,3991.935484,5231.854839,902.2177419,10519.15323,6502.014516,5403.220968,3331.653226,12666.32742,3563.506452,2091.733871,1955.645161,3291.329032,4606.858065,1008.064516,700.6048387,625,6844.756452,3190.519355,1426.41129,2011.08871
93,199909,1999,09,21562.50167,1859.375,6223.958333,4781.25,1244.791667,5276.04,4062.5,921.875,14458.34667,7843.758333,7317.708333,1979.166667,14296.88167,484.375,1458.333333,1031.25,6614.581667,3031.251667,703.125,369.7916667,687.5,7213.538333,3604.166667,1828.123333,2239.583333
94,199910,1999,10,30488.9129,6572.575806,6204.641935,5594.756452,2454.637097,10151.20484,4143.146774,3558.464516,11794.35645,6985.880645,5342.743548,3361.895161,16265.11935,1330.645161,7852.819355,1572.580645,4591.735484,4692.545161,625,126.0080645,126.0080645,7056.45,2782.258065,1854.83871,1678.427419
95,199911,1999,11,3173.078846,8335.334615,60.09615385,2025.240385,3557.692308,9368.992308,5721.151923,4453.123077,11364.18846,10907.44423,13106.97308,3377.405769,16868.99231,703.125,6256.011538,8924.282692,6394.236538,9675.482692,5913.461538,2668.269231,919.4711538,12061.30192,5937.494231,1850.961538,4975.957692
96,199912,1999,12,NA,NA,NA,NA,NA,NA,NA,NA,NA,NA,NA,NA,NA,NA,NA,NA,NA,NA,NA,NA,NA,NA,NA,NA,NA
97,200001,2000,01,0,30.24193548,0,0,1013.106452,0,0,0,10.08064516,0,0,257.0564516,0,5.040322581,156.25,20.16129032,20630.04355,6083.672581,0,0,453.6290323,75.60483871,0,0,0
98,200002,2000,02,0,21.55172414,0,0,0,0,0,0,0,0,0,0,0,0,0,0,16950.42414,5.387931034,0,0,113.1465517,0,0,0,0
99,200003,2000,03,10952.61935,5670.364516,882.0564516,0,5.040322581,20.16129032,0,40.32258065,0,1426.412903,640.1209677,3044.353226,5367.940323,2449.596774,1416.330645,1224.798387,7147.167742,10.08064516,95.76612903,236.8951613,80.64516129,1975.809677,2409.274194,877.016129,6290.317742
100,200004,2000,04,19403.93148,5549.77037,10804.4,3310.190741,5127.318519,5989.585185,9560.194444,2853.009259,1035.877778,7511.57963,4456.022222,3906.25,18240.74259,4351.85,7146.998148,5648.151852,3680.555556,474.537037,2008.101852,1359.953704,1290.509259,11197.91667,6388.887037,4270.833333,5555.559259
101,200005,2000,05,16743.95,2968.75,10317.54194,11471.77258,3659.274194,6890.130645,7021.166129,1743.951613,10861.89355,3860.88871,1456.653226,5347.782258,10010.08387,3976.81129,4072.579032,2182.459677,2631.046774,4158.266129,3800.403226,3180.443548,1759.072581,15846.78548,7343.753226,2353.830645,3432.459677
102,200006,2000,06,5968.75,1890.625,8208.333333,7046.876667,5536.46,4687.503333,8520.83,1687.5,20463.53833,7447.918333,7734.38,4098.958333,10416.66333,3989.583333,4572.918333,3567.708333,1708.333333,5630.21,2296.875,2869.791667,2796.875,12968.75,7374.998333,1968.75,1015.625
103,200007,2000,07,17409.26935,4632.051613,6345.764516,6466.729032,2232.862903,2973.790323,7716.735484,201.6129032,14309.47742,5957.66129,5287.303226,4405.241935,9793.351613,745.9677419,3059.475806,4697.582258,4163.304839,1854.837097,3704.637097,1728.830645,231.8548387,9087.698387,5408.270968,2106.854839,1708.669355
104,200008,2000,08,12731.86129,2333.669355,7656.254839,5090.729032,2459.677419,3805.440323,5756.045161,4022.177419,10584.68226,7232.859677,7081.654839,4415.322581,14450.60484,75.60483871,1350.806452,2404.233871,4490.929032,3941.533871,2011.08871,826.6129032,5.040322581,7106.856452,7081.653226,2086.693548,5226.81129
105,200009,2000,09,6619.793333,2484.375,5718.756667,9562.501667,5526.038333,6859.376667,3869.791667,937.5,11234.37167,8635.42,11124.99167,5468.75,12625.00667,442.7083333,2020.833333,1135.416667,6234.378333,2848.955,880.2083333,265.625,26.04166667,4421.873333,3093.751667,2468.75,2208.335
106,200010,2000,10,4576.61129,3291.330645,6330.65,4914.314516,821.5725806,5877.01129,3891.129032,967.7403226,15085.68226,3089.719355,5186.495161,5206.653226,20937.5,851.8145161,2001.008065,3911.290323,1789.314516,4334.674194,1804.435484,882.0564516,1365.927419,14133.07258,2832.66129,1486.895161,3256.048387
107,200011,2000,11,10151.04333,5385.416667,1927.083333,4124.998333,4697.916667,2317.705,5000,604.1666667,21411.45,6161.46,11359.37167,5192.71,18895.835,4161.456667,4015.626667,2156.25,20302.07833,8036.45,2416.666667,1635.416667,796.875,10114.585,6260.415,2906.25,6130.203333
108,200012,2000,12,NA,NA,NA,NA,NA,NA,NA,NA,NA,NA,NA,NA,NA,NA,NA,NA,NA,NA,NA,NA,NA,NA,NA,NA,NA
109,200101,2001,01,0,20.16129032,50.40322581,10.08064516,5252.017742,0,4571.569355,262.0967742,3261.090323,0,0,0,0,5.040322581,685.483871,5.040322581,6602.830645,6239.919355,0,0,0,18371.98065,4707.664516,3563.508065,0
110,200102,2001,02,0,80.81896552,0,5.387931034,646.5517241,5.387931034,0,37.71551724,0,0,0,0,0,0,0,5.387931034,3636.855172,5.387931034,0,0,0,32764.00172,2036.641379,1977.375862,0
111,200103,2001,03,19203.63065,6194.551613,5660.285484,0,0,0,579.6370968,100.8064516,1668.345161,342.7419355,514.1145161,0,0,0,0,201.6129032,7752.016129,0,2111.895161,3427.419355,3785.282258,9264.104839,5226.812903,6144.148387,7711.696774
112,200104,2001,04,21380.20333,3666.666667,10432.29167,3083.331667,677.0833333,161.4583333,2807.291667,578.125,7255.201667,5770.83,3739.581667,6859.373333,11729.16833,0,1151.041667,3578.125,11062.49667,4526.045,2187.5,1796.875,1598.958333,14083.32833,2687.501667,2338.541667,2411.458333
113,200105,2001,05,20413.30806,6602.819355,12691.52903,7777.219355,4611.896774,4818.551613,4148.185484,1824.596774,15030.25323,9067.545161,6925.398387,6834.677419,12157.25968,1265.120968,6441.532258,5559.475806,2197.579032,2303.425806,3004.032258,2303.427419,2283.266129,11436.48871,4758.066129,1920.362903,2142.137097
114,200106,2001,06,25015.625,3484.375,12937.505,9322.915,4729.166667,4057.29,5906.248333,1791.665,13083.33333,7359.373333,4656.246667,4697.916667,11265.635,1734.375,3182.291667,1541.666667,7161.455,5895.835,2276.041667,1963.541667,1052.083333,15468.75167,6250.005,3598.956667,1937.5
115,200107,2001,07,12927.08167,3802.083333,12505.21167,5828.126667,3125,7104.168333,5677.085,906.25,12135.415,6072.91,15833.33167,4380.208333,16036.45,1083.333333,307.2916667,1630.208333,5499.995,2609.375,203.125,385.4166667,536.4583333,7265.623333,3270.833333,1604.166667,1463.541667
116,200108,2001,08,4682.46129,1164.314516,13503.02419,6804.440323,2449.596774,2983.869355,3558.467742,383.0645161,9747.985484,6204.637097,7399.187097,2147.177419,11063.50806,246.9758065,861.8951613,1864.919355,2227.820968,5075.608065,997.983871,952.6209677,1688.508065,3306.453226,1658.266129,292.3387097,327.6209677
117,200109,2001,09,27677.07333,3963.541667,12682.29667,7713.543333,3463.541667,4005.206667,6739.581667,3583.333333,23781.25167,7166.666667,6359.38,3625,11125.00333,1338.541667,1739.583333,718.75,1520.833333,3338.543333,1359.375,2098.958333,3708.333333,11067.705,5328.121667,2578.125,557.2916667
118,200110,2001,10,22872.97903,12132.05161,13220.77419,6849.795161,3054.432258,5599.798387,7142.13871,5882.056452,17454.63387,6607.866129,9808.477419,5257.053226,27177.43387,1209.677419,1139.112903,1063.508065,1063.508065,6537.295161,3301.41129,3770.16129,9621.975806,14783.27258,5055.443548,3145.16129,2867.943548
119,200111,2001,11,29988.42593,5711.807407,1064.814815,7413.192593,2500,7031.251852,6724.540741,3848.37963,18900.45556,13234.95556,29334.48889,4004.62963,20219.90185,5792.825926,8252.312963,2280.092593,7725.694444,8790.511111,7795.138889,8055.555556,15034.68148,30312.5037,13391.21481,8298.611111,4322.918519
120,200112,2001,12,NA,NA,NA,NA,NA,NA,NA,NA,NA,NA,NA,NA,NA,NA,NA,NA,NA,NA,NA,NA,NA,NA,NA,NA,NA
121,200201,2002,01,0,5.040322581,5.040322581,0,0,0,0,0,20.16129032,0,75.60483871,1547.377419,0,0,0,0,19899.18387,216.733871,25.2016129,0,0,0,0,0,0
122,200202,2002,02,0,16.1637931,32.32758621,0,0,0,0,5.387931034,0,5.387931034,5.387931034,10.77586207,0,0,0,0,9531.25,0,0,0,0,107.7586207,10.77586207,0,0
123,200203,2002,03,2453.12,2869.795,0,0,5.208333333,0,0,0,0,0,145.8333333,822.9166667,3234.375,0,0,0,1343.75,0,177.0833333,692.7083333,1770.833333,2166.666667,1062.498333,500,2640.625
124,200204,2002,04,13335.13103,7262.927586,3539.87069,1589.437931,1115.298276,371.7672414,899.7862069,1605.601724,53.87931034,6551.722414,7726.293103,5000,16616.38621,1212.284483,3873.924138,3238.146552,96.98275862,1616.37931,382.5431034,1654.094828,4310.343103,12758.62414,8432.113793,3539.87069,4585.131034
125,200205,2002,05,22852.81935,2162.298387,13387.1,7454.637097,8946.562903,7096.770968,9183.469355,8941.53871,18800.40806,9148.196774,5151.208065,3447.580645,12610.88548,1103.830645,7379.032258,5020.16129,2217.741935,5398.182258,2263.1,861.8951613,2530.243548,11270.1629,4385.079032,2086.693548,4828.630645
126,200206,2002,06,8135.416667,1901.041667,8437.503333,5671.875,6432.291667,6718.748333,8609.375,3932.291667,13489.58167,7364.581667,4057.293333,3541.666667,13276.03167,1505.208333,4843.75,2161.458333,1958.333333,3885.416667,2213.541667,1906.25,2437.501667,11723.955,6145.833333,578.125,2005.208333
127,200207,2002,07,8704.637097,2046.370968,10781.24677,10549.39355,4551.41129,8704.633871,6169.356452,2752.016129,17948.59032,6905.240323,7762.093548,5257.056452,13961.69194,1234.879032,2948.58871,2676.41129,241.9354839,5131.046774,2484.879032,2938.508065,2373.991935,17494.96129,1980.846774,327.6209677,962.7016129
128,200208,2002,08,5584.675806,1502.016129,8452.617742,4516.129032,2913.306452,3523.185484,5317.540323,806.4516129,7862.901613,4647.174194,3800.403226,3089.717742,7394.151613,2202.620968,3261.090323,1103.830645,2550.401613,1754.030645,846.7741935,670.3629032,937.5,7162.290323,2439.514516,2217.743548,877.016129
129,200209,2002,09,10171.87333,1114.583333,6046.87,9885.418333,3406.25,3437.501667,8265.625,1046.875,21020.82833,7786.461667,11875.005,3895.831667,12255.21167,354.1666667,1739.583333,3442.708333,4187.5,776.0416667,1406.25,916.6666667,1947.916667,5765.621667,5479.171667,2916.666667,2864.583333
130,200210,2002,10,8906.248387,786.2903226,8820.564516,7313.498387,897.1774194,2550.403226,6875,40.32258065,34183.46613,8780.245161,9818.55,3311.491935,15670.36129,1295.362903,2746.975806,6885.074194,6829.637097,7001.003226,539.3145161,912.2983871,2757.056452,12494.95968,4511.08871,1910.283871,2525.201613
131,200211,2002,11,16826.51207,3399.784483,1239.224138,11287.71207,4224.137931,9294.174138,4876.081034,2672.413793,9579.739655,5393.32069,13410.5569,3658.405172,10463.36034,7235.989655,6508.624138,11718.74828,14919.18276,13238.15,344.8275862,237.0689655,2403.017241,4956.9,12349.13966,6971.97931,4137.932759
132,200212,2002,12,NA,NA,NA,NA,NA,NA,NA,NA,NA,NA,NA,NA,NA,NA,NA,NA,NA,NA,NA,NA,NA,NA,NA,NA,NA
133,200301,2003,01,1129.032258,6834.677419,5.040322581,5.040322581,1350.804839,0,0,45.36290323,30.24193548,0,0,0,15.12096774,836.6935484,25.2016129,0,34576.61774,5614.919355,0,0,0,5.040322581,85.68548387,0,3800.403226
134,200302,2003,02,2823.274138,7586.210345,0,0,0,0,0,177.8017241,0,10.77586207,0,0,0,156.25,5.387931034,0,64234.92931,253.2327586,0,0,0,0,5.387931034,0,0
135,200303,2003,03,20619.97419,6693.543548,1844.759677,0,0,0,0,110.8870968,20.16129032,0,0,0,0,0,357.8629032,292.3387097,10433.46613,0,15.12096774,388.1048387,1829.637097,95.76612903,5.040322581,50.40322581,3533.266129
136,200304,2003,04,9187.498333,2656.25,8406.255,1072.918333,625,869.7916667,4036.458333,2197.916667,1614.583333,3411.458333,1630.208333,6322.921667,9036.458333,140.625,1932.291667,4395.833333,9244.791667,229.1666667,1151.041667,1911.458333,4364.586667,5010.416667,2177.085,671.875,1984.375
137,200305,2003,05,26602.81774,2636.08871,19304.4371,7752.014516,2439.516129,3508.062903,7762.091935,3931.45,18240.92903,10095.77097,6834.682258,7001.009677,9122.983871,2147.177419,7646.164516,3074.596774,8286.290323,4440.522581,1708.669355,1491.935484,2318.548387,13487.89839,7328.627419,2590.725806,5025.201613
138,200306,2003,06,19317.71,2218.75,15010.41,6156.255,5328.123333,5411.456667,10026.03833,2130.208333,18171.87333,6369.793333,5947.92,2614.583333,9385.416667,2468.75,6010.418333,3135.415,8588.541667,5515.621667,1682.291667,1218.75,151.0416667,16500.00167,10328.12,2927.083333,2666.666667
139,200307,2003,07,22736.9,2898.185484,9863.917742,5236.898387,4919.356452,8578.627419,7026.21129,2232.862903,14218.75,8135.085484,14309.47903,3578.629032,9435.485484,1854.83871,1446.572581,483.8709677,433.4677419,7071.569355,1381.048387,1436.491935,40.32258065,17192.53387,9032.26129,4102.822581,2076.612903
140,200308,2003,08,8437.5,1975.806452,7555.43871,5534.274194,5161.290323,3538.306452,7726.814516,2162.298387,8457.66129,4964.719355,6784.279032,2903.225806,12888.10161,771.1693548,1441.532258,1446.572581,3780.240323,4430.441935,1491.935484,2041.330645,115.9274194,8805.45,625,126.0080645,463.7096774
141,200309,2003,09,14156.24333,1364.583333,12359.38,10145.83,5385.416667,4114.583333,9343.755,1880.208333,15911.455,7848.956667,5723.96,2098.958333,15744.79,869.7916667,5442.71,1484.375,4859.375,3281.246667,1520.833333,1416.666667,177.0833333,11364.59333,2750.001667,1020.833333,1942.708333
142,200310,2003,10,16038.30323,5519.156452,15468.74516,9112.896774,3301.41129,6471.770968,7308.467742,90.72580645,14248.98387,8704.633871,11129.02581,3896.169355,21512.1,1980.846774,6880.032258,5312.496774,2318.548387,6184.477419,3145.16129,1260.080645,70.56451613,9601.816129,569.5564516,1199.596774,1154.233871
143,200311,2003,11,35269.4,1702.586207,6810.348276,5625,8442.887931,818.9655172,4628.22931,3001.07931,3814.653448,8863.15,18679.95517,7386.853448,29779.08621,1174.568966,2613.148276,4644.398276,808.1896552,14665.94138,5533.403448,5204.741379,748.9224138,9687.496552,5274.784483,5759.703448,11244.60862
144,200312,2003,12,NA,NA,NA,NA,NA,NA,NA,NA,NA,NA,NA,NA,NA,NA,NA,NA,NA,NA,NA,NA,NA,NA,NA,NA,NA
145,200401,2004,01,10.08064516,40.32258065,0,0,524.1935484,257.0564516,2001.014516,806.4516129,45.36290323,5.040322581,0,0,0,45.36290323,1199.596774,70.56451613,8719.758065,1189.516129,6224.798387,9133.064516,2409.274194,1421.370968,11204.63871,8240.932258,25.2016129
146,200402,2004,02,0,0,0,0,5.387931034,0,0,113.1465517,37.71551724,0,0,0,0,0,0,0,1643.318966,0,4251.077586,7106.681034,1923.491379,2882.543103,0,0,0
147,200403,2004,03,13618.95645,5509.070968,514.1145161,20.16129032,0,5.040322581,5.040322581,196.5725806,166.3306452,423.3870968,614.9193548,347.7806452,403.2274194,0,0,0,2570.564516,0,2036.290323,4375,1093.75,8613.903226,3311.490323,2525.201613,3422.380645
148,200404,2004,04,13588.55167,5197.916667,7312.498333,1625,614.5833333,260.4166667,2088.54,442.7083333,6083.333333,6973.956667,4546.873333,7604.163333,20510.41333,1005.208333,843.75,1479.165,500,1260.416667,281.25,1218.75,78.125,6843.75,7635.416667,3822.916667,1703.125
149,200405,2004,05,16083.66129,3674.393548,10151.20968,4808.466129,3750,3165.320968,8623.991935,2590.725806,19904.23548,10302.42742,8830.646774,4375,8810.487097,5685.482258,7510.085484,3225.808065,2066.532258,9420.359677,1391.129032,882.0564516,0,8755.040323,3508.064516,942.5403226,1113.91129
150,200406,2004,06,24171.88,5234.376667,11817.71333,6380.211667,3749.998333,6078.13,8333.331667,2427.083333,10744.79333,3614.583333,1953.125,4328.125,6958.328333,953.125,2822.916667,3828.123333,895.8333333,1828.125,427.0833333,171.875,0,8567.706667,2416.668333,1072.916667,1156.25
151,200407,2004,07,6804.433871,1214.717742,9989.916129,5877.012903,3961.693548,3719.758065,5599.796774,2641.129032,6260.075806,4606.854839,1960.685484,2207.66129,5408.266129,549.3951613,2913.309677,3135.080645,685.483871,922.3790323,408.266129,171.3709677,0,5821.577419,312.5,564.516129,1033.266129
152,200408,2004,08,22379.03548,3004.035484,5055.445161,7721.769355,5252.016129,2852.822581,5947.580645,3780.241935,10529.23226,6708.670968,2318.548387,1381.048387,9349.8,1199.596774,2177.419355,6053.432258,761.0887097,2646.169355,882.0564516,337.7016129,45.36290323,6149.190323,861.8951613,609.8790323,423.3870968
153,200409,2004,09,9921.873333,1843.75,6177.085,6072.916667,4531.25,3578.123333,5692.708333,6953.126667,17708.325,5380.208333,3328.126667,3276.041667,12026.04333,4463.54,11322.91333,6005.206667,588.5416667,5682.291667,1916.666667,1739.583333,552.0833333,11281.255,1385.416667,1317.708333,968.75
154,200410,2004,10,19260.41,9453.128333,12947.90833,10473.96,5140.625,4822.915,8859.381667,7484.366667,24177.085,8593.743333,13369.78167,4578.125,20697.91833,3895.833333,10244.79333,8843.748333,645.8333333,5187.493333,3421.875,4031.25,1088.541667,19994.79167,4473.961667,2250,6078.123333
155,200411,2004,11,21572.91167,7588.543333,4473.961667,4401.041667,3192.703333,1166.666667,2500,6442.713333,6437.5,5276.045,8281.25,1208.333333,20973.95833,13671.87833,6182.291667,5192.71,765.625,6869.791667,4161.458333,3963.541667,1958.333333,24281.24,5906.246667,3307.291667,4249.998333
156,200412,2004,12,NA,NA,NA,NA,NA,NA,NA,NA,NA,NA,NA,NA,NA,NA,NA,NA,NA,NA,NA,NA,NA,NA,NA,NA,NA
157,200501,2005,01,0,0,120.9677419,0,3891.129032,0,3755.037097,131.0483871,1169.356452,0,5.040322581,176.4112903,10.08064516,10.08064516,0,0,10025.20645,20630.04194,2162.298387,3079.637097,1698.58871,10831.65161,131.0483871,0,0
158,200502,2005,02,0,0,0,0,10.77586207,10.77586207,5.387931034,129.3103448,0,0,0,0,0,16.1637931,0,0,5285.558621,0,0,113.1465517,0,26.93965517,495.6896552,479.5241379,0
159,200503,2005,03,13724.79516,5005.040323,2515.124194,10.08064516,120.9677419,0,0,35.28225806,1194.556452,40.32258065,756.0483871,468.75,10.08064516,0,0,0,977.8225806,14264.1129,2031.25,3644.153226,2797.379032,10796.37581,3694.558065,2847.782258,1809.475806
160,200504,2005,04,13671.87,9062.496667,9291.665,5760.416667,1619.791667,3260.415,5911.46,3531.248333,2994.793333,4546.875,7302.085,6682.286667,18156.24333,2046.875,3276.04,208.3333333,2458.331667,6859.373333,1515.625,2604.166667,1312.5,16989.58833,3187.498333,1973.958333,1500
161,200505,2005,05,16945.56129,8281.253226,14803.43065,8568.548387,7217.743548,4606.858065,7787.291935,1612.903226,8704.63871,5191.533871,1280.241935,7046.370968,13311.49516,1713.709677,5010.077419,1633.064516,2328.629032,9536.290323,751.0080645,887.0967742,201.6129032,5277.216129,5307.459677,3230.845161,861.8951613
162,200506,2005,06,24739.58,2421.875,14333.33667,4343.75,4401.041667,5041.67,6927.076667,3598.958333,10692.71333,10015.62833,13494.79,5609.375,13005.19667,697.9166667,2567.708333,3291.666667,2114.583333,4182.291667,760.4166667,437.5,395.8333333,3057.291667,5552.086667,3031.251667,1427.083333
163,200507,2005,07,17137.10484,1622.983871,9873.987097,1461.693548,675.4032258,6542.337097,3074.596774,1930.443548,13382.05806,5619.958065,9934.472581,4400.201613,10690.52742,282.2580645,2419.354839,1562.5,3896.169355,3245.969355,987.9032258,1295.362903,141.1290323,7106.848387,6728.832258,3800.403226,3840.724194
164,200508,2005,08,14228.83065,3568.55,11174.39677,5241.933871,1970.766129,5821.575806,5372.979032,1567.540323,10297.37903,4158.266129,3618.948387,5730.845161,10292.34194,322.5806452,1698.58871,554.4354839,1643.143548,1507.056452,105.8467742,917.3387097,322.5806452,7167.33871,2197.580645,1108.870968,1945.564516
165,200509,2005,09,21932.29333,5093.745,12760.41833,3463.541667,1968.75,12145.83667,5848.96,4338.543333,14281.245,5937.5,5453.126667,3494.791667,9250.005,354.1666667,2937.5,6557.29,2000,57.29166667,62.5,104.1666667,302.0833333,15333.32667,6630.201667,2526.041667,2541.668333
166,200510,2005,10,14526.20968,6058.466129,4611.891935,5745.969355,2207.66129,9662.3,9596.779032,7353.830645,11824.6,8034.274194,11940.52581,5871.974194,14702.61774,6396.166129,8271.170968,8568.55,4364.920968,917.3370968,630.0403226,468.75,1043.346774,14375.00968,9485.882258,6239.920968,6280.245161
167,200511,2005,11,9929.958621,5334.058621,10.77586207,6438.577586,7893.315517,13308.19655,7596.993103,11643.31552,7052.803448,5732.768966,8744.610345,2866.37931,22386.84828,2634.698276,11470.91207,15134.68621,4692.891379,7650.860345,4014.008621,2510.775862,6939.653448,27144.39483,18453.66552,9014.008621,4127.153448
168,200512,2005,12,NA,NA,NA,NA,NA,NA,NA,NA,NA,NA,NA,NA,NA,NA,NA,NA,NA,NA,NA,NA,NA,NA,NA,NA,NA
169,200601,2006,01,0,0,0,20.16129032,6955.641935,3155.243548,3946.570968,3094.759677,45.36290323,0,0,0,5.040322581,0,5.040322581,0,22021.17742,4758.067742,4057.459677,5458.669355,5514.11129,105.8467742,1809.477419,1426.412903,0
170,200602,2006,02,0,5.387931034,0,5.387931034,3324.355172,129.3103448,3658.403448,371.7672414,0,10.77586207,0,0,0,0,0,0,36390.08621,134.6982759,1675.646552,4218.75,6476.291379,26.93965517,360.9913793,258.6206897,0
171,200603,2006,03,10781.25323,5468.751613,3790.324194,0,0,20.16129032,2555.443548,367.9435484,1078.627419,710.6854839,1038.306452,196.5725806,0,0,0,0,10922.38871,2953.629032,2681.451613,3986.895161,9319.554839,19687.50484,9128.020968,7938.496774,3790.319355
172,200604,2006,04,28515.62679,6997.767857,6517.8625,1774.553571,178.5714286,83.70535714,2488.8375,1830.357143,1389.508929,5267.851786,3058.035714,5267.857143,10803.57321,781.25,3811.382143,2187.498214,6116.066071,5770.0875,2354.910714,2516.741071,5368.303571,13264.49821,4458.705357,3007.8125,3186.383929
173,200605,2006,05,9411.461667,2687.5,5114.583333,4661.458333,1088.541667,3281.25,4927.083333,2718.75,10171.87667,6317.711667,3552.085,6552.083333,15270.83167,2567.708333,4526.041667,2833.335,2760.415,5072.915,822.9166667,848.9583333,854.1666667,9828.126667,1828.125,1328.125,447.9166667
174,200606,2006,06,14015.63333,2119.791667,7848.956667,6593.75,2302.083333,5578.123333,7187.503333,4296.875,20697.91667,9416.673333,9260.415,2937.5,9697.916667,2213.541667,4453.126667,3390.625,5359.373333,1901.041667,953.125,1604.166667,1046.875,8317.705,5968.748333,2739.583333,1359.375
175,200607,2006,07,14391.15,1287.715517,11088.35517,3529.094828,5070.043103,6632.55,5463.362069,4272.62931,12893.31724,5053.884483,3814.656897,1594.827586,4639.008621,716.5948276,1012.931034,808.1896552,4164.872414,3098.055172,334.0517241,727.3706897,646.5517241,3098.060345,1174.568966,932.112069,829.7413793
176,200608,2006,08,15114.58333,2338.541667,13833.33833,6151.043333,4223.958333,7380.205,6354.165,3177.083333,17255.205,5416.666667,14843.75667,3562.5,14734.37167,296.875,1125,2145.833333,9984.375,1989.583333,1000,1744.791667,1151.041667,10984.37667,1625,4140.623333,1229.166667
177,200609,2006,09,19838.55833,1416.666667,17166.675,8541.663333,3192.706667,6770.831667,6359.376667,2109.375,14421.87667,4953.126667,13776.03333,1927.083333,11604.17667,796.875,1885.416667,1119.791667,3750.001667,1739.583333,677.0833333,250,1369.791667,8703.13,5932.291667,2479.166667,1145.833333
178,200610,2006,10,20191.53065,1083.669355,19183.47258,8760.083871,5488.908065,7520.162903,10882.05484,2459.677419,19843.75484,5015.120968,6648.182258,1728.830645,11910.27903,967.7419355,3341.735484,2197.580645,7288.308065,3654.235484,1260.080645,246.9758065,1144.153226,8543.346774,8543.348387,5640.122581,2449.596774
179,200611,2006,11,41311.39464,1802.455357,7723.217857,6858.255357,3141.741071,1406.251786,2633.926786,1160.714286,11462.05714,9073.6625,16869.40893,2265.625,21847.08929,9570.314286,5161.830357,2700.892857,19760.04643,14988.84107,3242.1875,2343.75,1919.642857,26774.54643,13409.59464,11556.92321,8364.960714
180,200612,2006,12,NA,NA,NA,NA,NA,NA,NA,NA,NA,NA,NA,NA,NA,NA,NA,NA,NA,NA,NA,NA,NA,NA,NA,NA,NA
181,200701,2007,01,0,10.41666667,0,0,0,0,0,26.04166667,359.375,0,10.41666667,98.95833333,4052.08,0,0,78.125,42572.91333,14875,223.9583333,755.2083333,1083.336667,10.41666667,1739.581667,348.9583333,0
182,200702,2007,02,0,0,0,0,0,0,0,5.787037037,11.57407407,0,0,0,11.57407407,0,0,0,43101.84815,0,300.9259259,920.1388889,1614.585185,28.93518519,0,0,17.36111111
183,200703,2007,03,5695.043103,5959.048276,3038.789655,0,0,0,0,0,5.387931034,48.49137931,457.9724138,495.6896552,1584.053448,0,641.1637931,0,19967.66724,226.2931034,716.5948276,1088.362069,2020.47931,8534.482759,70.04310345,420.2586207,1379.310345
184,200704,2007,04,25098.94333,5083.331667,14531.24667,1697.918333,0,0,88.54166667,10.41666667,1036.458333,6630.205,13635.41667,6515.62,20421.87167,1947.916667,4479.163333,3937.5,2692.706667,1718.75,1135.416667,1739.583333,3447.918333,17307.29333,2250,4484.375,2963.541667
185,200705,2007,05,34420.35968,5650.201613,10514.11129,7363.906452,5166.329032,9228.830645,10337.70323,6275.198387,11250.00806,8432.456452,8271.175806,3729.83871,16350.81129,3623.991935,5756.046774,4072.580645,4611.9,3200.604839,1799.395161,1451.612903,2998.991935,15418.35161,8281.245161,2978.830645,1184.475806
186,200706,2007,06,29114.58,6531.248333,8244.786667,3447.916667,5734.375,6520.833333,7244.791667,5239.583333,16671.87167,10682.3,6885.416667,5005.208333,13463.54,2182.291667,3140.625,4354.166667,598.9583333,4197.916667,3604.166667,1406.25,2890.625,18177.07667,8234.375,3744.791667,3145.83
187,200707,2007,07,22296.87167,3734.375,11546.87,2708.333333,3661.458333,8593.751667,8187.503333,4781.25,23364.59333,9385.408333,15078.12333,4114.583333,15109.38333,1645.833333,3458.333333,5979.166667,3666.666667,5791.665,1494.791667,833.3333333,1739.583333,11833.33833,4489.58,3010.42,1812.5
188,200708,2007,08,19828.13167,3609.375,4916.668333,4390.625,2453.125,6937.5,7151.041667,2515.625,20671.86333,8979.166667,9588.536667,3203.125,13083.33,1000,2572.916667,1718.75,1286.458333,11260.41833,1458.333333,729.1666667,2015.625,10385.41667,2114.581667,2255.208333,1583.333333
189,200709,2007,09,21671.87,6260.416667,11156.25167,4958.333333,3317.708333,7864.583333,6463.54,1088.541667,19911.45,5239.583333,4447.92,3656.25,10458.33333,583.3333333,817.7083333,656.25,83.33333333,2656.251667,3666.666667,1755.208333,1520.833333,17807.295,9119.79,5598.958333,1645.833333
190,200710,2007,10,13044.35968,3099.798387,25745.96935,7641.127419,4747.983871,8810.480645,10100.80161,3966.733871,22409.28226,9632.067742,15529.22742,3442.540323,18956.65161,2741.935484,6537.303226,6532.259677,1098.790323,6940.522581,4178.427419,3104.83871,856.8548387,20080.64677,5690.524194,4032.258065,1829.637097
191,200711,2007,11,40339.45172,1842.672414,4967.674138,6998.917241,8421.337931,5264.008621,13001.08448,2397.62931,31977.36724,7747.848276,15603.4431,3383.62069,30484.9069,10431.03621,3566.808621,3706.896552,13663.7931,7235.994828,6745.689655,5641.163793,1842.672414,29876.08276,8582.968966,5204.741379,9337.282759
192,200712,2007,12,NA,NA,NA,NA,NA,NA,NA,NA,NA,NA,NA,NA,NA,NA,NA,NA,NA,NA,NA,NA,NA,NA,NA,NA,NA
193,200801,2008,01,0,26.93965517,0,0,4358.834483,0,0,5102.372414,0,0,0,1330.818966,0,0,0,835.1310345,959.0517241,0,0,0,70.04310345,0,1244.610345,1077.586207,80.81896552
194,200802,2008,02,167.0258621,5.387931034,0,0,1223.056897,10.77586207,651.937931,878.2327586,0,0,0,70.04310345,0,0,0,0,2036.639655,0,0,0,0,0,0,0,544.1810345
195,200803,2008,03,13760.41667,5020.833333,2557.295,0,5.208333333,5.208333333,1124.998333,114.5833333,2093.751667,6140.62,11411.46,4864.576667,14984.375,0,109.375,0,13468.75333,0,307.2916667,432.2916667,619.7916667,437.5,20.83333333,0,4203.123333
196,200804,2008,04,22095.9069,5533.405172,11276.94828,2925.646552,1320.043103,2731.681034,9207.968966,1487.068966,4337.284483,9800.653448,16589.44828,8712.27931,15598.05862,1923.491379,2807.112069,3836.206897,2489.225862,0,1201.508621,1357.758621,2112.068966,12279.09828,12499.99483,5344.825862,3318.967241
197,200805,2008,05,18796.87667,6286.455,10307.29167,5078.128333,5635.416667,10416.66833,11739.58167,3854.166667,13989.58667,8093.746667,9802.075,4421.875,11749.99333,2552.083333,5166.666667,2697.916667,2156.25,1453.125,2906.25,3057.291667,4416.666667,17213.535,5463.545,3338.541667,1000
198,200806,2008,06,14482.76034,3372.844828,12144.3931,8248.924138,4207.974138,5614.224138,6632.548276,1907.327586,12392.24138,4854.525862,3733.836207,3949.353448,10021.55,1153.017241,1821.12069,1815.732759,5328.663793,6756.456897,1993.534483,2095.905172,3200.431034,13405.16724,6589.436207,4795.256897,1594.827586
199,200807,2008,07,19619.785,2187.5,8614.588333,4635.416667,4156.25,5901.043333,6822.915,2666.666667,14765.62833,7395.831667,15520.835,3687.5,12348.965,770.8333333,1609.375,1359.375,4916.668333,4572.91,755.2083333,1182.291667,3770.835,6375,1968.751667,1546.875,791.6666667
200,200808,2008,08,9385.415,2557.291667,7500.005,6729.163333,1052.083333,3489.581667,3093.75,953.125,8614.585,3416.666667,2713.541667,2796.875,6140.626667,416.6666667,2437.5,786.4583333,3968.748333,5468.75,541.6666667,416.6666667,1682.291667,7671.878333,854.1666667,1260.416667,239.5833333
201,200809,2008,09,21885.41333,8723.96,10697.91333,9213.548333,3901.041667,5796.878333,4416.666667,3703.125,7927.076667,31.25,3114.583333,6208.335,10906.245,604.1666667,3114.583333,1031.25,1093.75,7151.04,3760.416667,3796.875,5171.875,13661.46167,4874.998333,3432.291667,937.5
202,200810,2008,10,20457.98103,4660.558621,16837.28103,9779.093103,748.9224138,3857.758621,6163.793103,3259.698276,14272.63276,64.65517241,9876.077586,2521.551724,15840.5069,517.2413793,2914.872414,344.8275862,1072.198276,6282.327586,2790.948276,3065.732759,5086.206897,16858.83276,7823.277586,8227.37069,4903.017241
203,200811,2008,11,37338.38621,3410.560345,3426.722414,13362.06207,3356.681034,1573.275862,4412.712069,2909.481034,20269.4,522.6293103,13281.24828,2602.368966,9240.294828,10393.32069,11131.46207,10959.04655,14579.73621,13793.09828,5457.974138,6503.232759,13922.42759,32370.70345,12332.96552,8502.153448,17990.30517
204,200812,2008,12,NA,NA,NA,NA,NA,NA,NA,NA,NA,NA,NA,NA,NA,NA,NA,NA,NA,NA,NA,NA,NA,NA,NA,NA,NA
205,200901,2009,01,0,0,0,0,0,0,0,922.3774194,45.36290323,55.44354839,0,0,0,131.0483871,0,0,15352.82097,0,0,0,0,0,0,0,0
206,200902,2009,02,0,0,0,0,0,0,0,26.93965517,5.387931034,5.387931034,0,5.387931034,0,2397.62931,145.4741379,0,13200.43448,0,0,0,0,10.77586207,0,0,0
207,200903,2009,03,13157.33448,3793.103448,134.6982759,0,5.387931034,0,0,0,0,0,140.0862069,0,0,985.9913793,1201.508621,646.5517241,2483.836207,0,915.9482759,1600.215517,3512.931034,6761.853448,3432.112069,1228.448276,2909.482759
208,200904,2009,04,13875,4416.666667,7796.883333,1645.833333,953.125,1192.708333,7239.581667,4067.705,14432.295,8536.456667,8838.533333,4286.46,11000.00167,2770.836667,2604.166667,2833.333333,3494.791667,739.5833333,1703.125,1812.5,5317.701667,11375,13385.415,4156.25,4223.956667
209,200905,2009,05,15065.51935,3598.790323,8155.233871,4959.677419,5297.379032,5065.527419,10146.16613,7076.612903,27026.21935,7792.340323,12227.83065,5609.879032,14929.44355,4349.803226,2832.66129,1164.314516,816.5322581,2484.879032,3240.927419,2580.645161,6864.919355,16743.95645,5645.158065,2802.419355,1068.548387
210,200906,2009,06,12114.9625,3766.741071,11679.68393,6099.330357,3035.714286,8342.635714,7868.3,4419.642857,19441.9625,7025.664286,7427.451786,5803.575,9374.998214,669.6428571,2327.008929,5284.598214,1283.482143,7170.757143,1266.741071,993.3035714,3387.276786,11316.96429,3387.276786,1406.25,1445.3125
211,200907,2009,07,10055.44355,3084.677419,10171.36613,9627.01129,4773.187097,8215.725806,7565.529032,4203.629032,13613.91613,5025.201613,7862.901613,2121.975806,11134.07258,488.9112903,2056.451613,2590.725806,1930.443548,3573.590323,1174.395161,751.0080645,211.6935484,8175.401613,4450.606452,2605.846774,2328.627419
212,200908,2009,08,4983.257143,1595.982143,4698.658929,12946.43393,2957.589286,4335.933929,7209.823214,859.375,13208.71071,5664.0625,5719.866071,3560.267857,7840.396429,558.0357143,1272.321429,2187.5,697.5446429,3616.071429,1300.223214,1328.125,1629.464286,2678.569643,2366.069643,2360.491071,585.9375
213,200909,2009,09,28302.08333,6052.085,9932.293333,7880.206667,1578.125,10817.71167,6609.376667,1864.583333,12984.385,4468.75,6125,4901.041667,7713.538333,609.375,2958.333333,3104.166667,1703.121667,4869.79,1067.708333,942.7083333,3682.291667,8588.548333,1885.416667,2036.458333,1666.666667
214,200910,2009,10,27434.47581,2973.790323,15297.37581,5972.779032,1552.419355,4773.185484,6542.33871,3860.887097,17363.9129,6129.032258,18059.47419,8094.762903,21738.9129,1557.459677,2434.475806,932.4596774,1985.885484,7242.943548,3634.072581,1985.887097,8911.287097,16562.5,5635.077419,3679.433871,1234.879032
215,200911,2009,11,22769.39138,4267.241379,937.4982759,12300.64483,3674.568966,3992.451724,6206.9,8071.124138,19859.91034,4568.963793,14682.11379,6336.205172,18658.4069,7537.718966,1923.491379,4612.068966,14294.17759,3760.77931,290.9482759,360.9913793,5727.375862,8281.253448,9929.951724,5797.413793,802.8017241
216,200912,2009,12,NA,NA,NA,NA,NA,NA,NA,NA,NA,NA,NA,NA,NA,NA,NA,NA,NA,NA,NA,NA,NA,NA,NA,NA,NA
217,201001,2010,01,20.16129032,25.2016129,0,5.040322581,4254.029032,3432.459677,13800.40968,3901.208065,0,5.040322581,0,30.24193548,0,972.7822581,0,705.6451613,9062.501613,0,0,0,0,0,2348.791935,1305.441935,15.12096774
218,201002,2010,02,0,0,43.10344828,5.387931034,1217.672414,5.387931034,1589.441379,867.4568966,0,0,0,0,0,684.2672414,0,0,1012.92931,0,0,0,0,0,43.10344828,0,0
219,201003,2010,03,18518.14355,6300.406452,473.7903226,0,5.040322581,5.040322581,917.3370968,120.9677419,85.68548387,443.5467742,816.5322581,0,0,40.32258065,680.4435484,1149.193548,5952.625806,0,0,0,0,15.12096774,30.24193548,0,2711.691935
220,201004,2010,04,13312.49833,7692.71,8375.005,4713.545,718.75,4249.991667,6057.288333,1796.875,10822.91167,6562.498333,1916.668333,4656.253333,5328.126667,729.1666667,3750,3427.081667,3463.541667,2854.166667,1567.708333,1723.958333,2177.085,15291.66667,11343.74833,4322.916667,2572.916667
221,201005,2010,05,14586.7,5514.109677,7832.659677,5307.458065,4712.7,5015.122581,6895.16129,1340.725806,19203.62419,9390.117742,3699.6,3069.556452,10206.65484,3150.198387,5851.817742,2726.814516,2293.346774,6048.390323,3452.620968,3770.16129,5791.329032,14319.54677,4329.637097,1834.677419,1189.516129
222,201006,2010,06,19263.39286,5066.964286,8225.453571,6277.905357,3571.428571,4179.6875,5636.160714,853.7946429,17929.69464,8716.5125,2494.421429,4748.883929,9402.907143,2087.053571,3627.232143,3376.116071,585.9375,6233.257143,1054.6875,1216.517857,4263.394643,9966.507143,1768.973214,1250,2572.544643
223,201007,2010,07,13557.29,5057.291667,5510.411667,3880.211667,2125,1973.958333,3229.166667,447.9166667,3739.583333,6302.086667,2390.625,3687.5,6348.948333,1125,2453.125,401.0416667,1979.165,2697.918333,687.5,1005.208333,2479.166667,2713.541667,854.1666667,625,1385.416667
224,201008,2010,08,12171.06316,2203.947368,6743.415789,3733.552632,2993.421053,2697.368421,5402.960526,1101.973684,8996.702632,5230.263158,953.9473684,2072.368421,4021.381579,1266.447368,2590.460526,1924.339474,4013.155263,11998.35,1694.078947,1685.855263,1907.894737,2368.421053,1266.447368,1143.092105,707.2368421
225,201009,2010,09,8088.545,770.8333333,6786.46,7713.54,4270.833333,3536.46,6281.25,1833.333333,14380.2,8697.916667,4468.751667,2635.416667,7260.413333,3859.376667,3984.376667,2666.666667,218.75,4864.585,2562.5,1635.416667,6197.916667,13197.93,7671.883333,3739.583333,2265.625
226,201010,2010,10,15156.24355,8760.082258,10090.72903,9158.272581,6118.948387,7998.995161,7636.090323,1396.169355,13150.20484,5473.787097,2177.419355,4148.185484,7308.469355,4183.469355,8422.379032,4838.709677,2449.596774,5887.098387,3744.959677,4526.209677,13608.86774,24314.51613,13160.28387,11502.00968,3518.145161
227,201011,2010,11,409.4827586,10765.08793,1530.174138,4913.786207,4207.974138,0,183.1896552,581.8965517,177.8017241,10953.66724,15953.66207,9391.165517,15350.20172,3798.489655,3922.413793,5457.972414,371.7672414,3335.12931,3146.551724,6120.689655,15312.5,26363.14483,12575.42931,12844.81724,3125.001724
228,201012,2010,12,NA,NA,NA,NA,NA,NA,NA,NA,NA,NA,NA,NA,NA,NA,NA,NA,NA,NA,NA,NA,NA,NA,NA,NA,NA
229,201101,2011,01,0,0,5.040322581,0,0,0,0,0,0,0,0,10.08064516,1602.822581,1315.524194,0,0,3049.395161,297.3790323,1643.145161,2303.427419,4233.858065,539.3145161,0,0,0
230,201102,2011,02,0,0,0,0,80.81896552,0,0,0,0,107.7586207,0,0,26.93965517,1438.577586,1363.146552,0,1487.07069,0,247.8448276,0,0,26.93965517,5.387931034,0,0
231,201103,2011,03,7923.383871,4138.1,2283.267742,0,20.16129032,0,0,0,5.040322581,3271.167742,9884.074194,5322.574194,8004.032258,1083.669355,1587.701613,206.6532258,1365.927419,0,1849.798387,3286.290323,7308.467742,11779.23871,312.5,186.4919355,221.7741935
232,201104,2011,04,14911.46167,5473.958333,10635.42167,4895.828333,744.7916667,369.7916667,4223.955,2161.456667,4843.75,3203.125,2625.003333,6395.833333,7453.125,1609.375,1791.666667,3140.623333,1317.708333,593.75,1671.875,1911.458333,7802.086667,13203.125,6572.91,2812.5,1015.625
233,201105,2011,05,15181.44194,3679.433871,3099.798387,4853.829032,2263.104839,3029.232258,6819.55,6209.672581,19566.53387,5972.783871,5201.614516,3351.814516,8573.596774,1537.298387,846.7741935,1859.879032,544.3548387,4662.296774,2646.169355,3437.5,10393.14677,20367.94839,9198.585484,2484.879032,1849.798387
234,201106,2011,06,10302.08,1989.583333,5338.541667,5067.715,2979.166667,4916.665,6999.996667,4057.293333,13307.29167,8802.075,7520.836667,5296.875,11041.67,1067.708333,1864.583333,1989.583333,906.25,2875,2083.333333,2583.333333,6869.796667,16557.28833,4062.498333,2552.083333,3447.915
235,201107,2011,07,12817.54677,1305.443548,6673.387097,2867.943548,3790.324194,4138.104839,8114.914516,2283.264516,16255.04032,8044.348387,4349.801613,3331.653226,8901.212903,1340.725806,448.5887097,947.5806452,1688.506452,7414.312903,1013.104839,1406.25,4445.564516,7505.040323,7404.241935,4833.667742,3780.240323
236,201108,2011,08,14138.11452,1829.637097,4445.562903,5110.883871,3492.943548,14349.8,7489.919355,3321.572581,23215.72581,11350.80161,7368.951613,4440.524194,11461.69355,594.7580645,1370.967742,1093.75,3654.235484,1481.853226,1199.596774,1582.66129,4475.804839,9420.367742,625,1532.258065,2772.177419
237,201109,2011,09,9197.916667,1109.375,4046.875,8390.625,5338.541667,8994.79,8468.753333,2083.333333,18281.25,9385.42,8739.58,4536.458333,10515.63167,1937.5,2458.333333,1562.5,1942.71,3312.5,375,375,1984.375,12036.46333,4718.745,5026.045,3812.498333
238,201110,2011,10,20090.73065,2792.33871,2802.419355,8276.209677,5408.264516,6068.55,5579.637097,11396.1629,18185.48548,6597.780645,4823.590323,8835.687097,15917.3371,3064.516129,2958.669355,942.5403226,7323.58871,5584.670968,2983.870968,2464.717742,8114.916129,9304.437097,8870.966129,5146.167742,4243.953226
239,201111,2011,11,19946.11552,5387.931034,10528.02586,12957.97414,5312.501724,4757.543103,6460.124138,11400.85862,28001.07931,6621.765517,8038.793103,2564.655172,16594.82931,8868.534483,8900.858621,3087.286207,1363.146552,13415.94828,4428.87931,6179.956897,13787.73103,29030.17586,19973.06207,10792.02414,5576.515517
240,201112,2011,12,NA,NA,NA,NA,NA,NA,NA,NA,NA,NA,NA,NA,NA,NA,NA,NA,NA,NA,NA,NA,NA,NA,NA,NA,NA
241,201201,2012,01,5.040322581,10.08064516,5.040322581,35.28225806,0,0,0,0,0,55.44354839,0,0,10.08064516,1043.346774,1622.983871,0,35751.00645,14380.03871,2535.282258,6310.483871,14304.45806,20005.03871,7424.390323,6194.56129,0
242,201202,2012,02,0,5.387931034,0,53.87931034,441.8103448,0,0,0,0,0,0,0,0,1255.387931,183.1896552,10.77586207,17618.52759,0,0,0,0,16.1637931,0,0,0
243,201203,2012,03,9619.79,2515.628333,5447.915,1161.458333,0,57.29166667,0,0,0,0,98.95833333,677.085,1953.126667,5093.75,1500,10.41666667,5114.586667,0,1656.25,3432.291667,6213.543333,9114.586667,2817.706667,2609.378333,3848.955
244,201204,2012,04,20333.33833,5895.835,6505.21,3843.748333,1380.208333,3546.873333,5567.706667,2734.373333,4359.381667,5848.951667,5546.876667,7151.043333,12385.40833,2817.708333,5223.956667,4697.921667,2203.125,999.9983333,1125,1552.083333,3442.713333,9718.753333,9328.131667,4197.916667,2526.043333
245,201205,2012,05,23457.65806,4198.58871,6628.029032,5120.967742,1537.298387,8155.240323,7762.098387,5312.498387,24198.58387,9773.177419,9369.956452,6602.824194,10574.59194,2091.733871,1779.233871,1703.629032,2152.216129,2227.822581,887.0967742,1396.169355,3729.833871,11557.45645,5136.090323,1673.387097,3104.83871
246,201206,2012,06,14505.215,2947.916667,3838.541667,4000,2697.915,6197.923333,6750.001667,3307.29,12447.91167,5479.168333,2208.333333,3739.583333,7197.921667,6276.038333,2343.75,1604.166667,2765.625,8609.371667,250,197.9166667,1937.5,7869.795,1749.996667,1411.458333,2755.208333
247,201207,2012,07,10816.52742,1875,3009.072581,3961.693548,2106.854839,1950.604839,7308.462903,2288.306452,13951.61129,7237.9,1562.5,4138.104839,8114.919355,1365.927419,2807.459677,3185.482258,554.4354839,4435.483871,972.7822581,851.8145161,1038.306452,8689.51129,4551.412903,2988.91129,761.0887097
248,201208,2012,08,11098.79677,2001.008065,1920.362903,6093.75,1784.274194,2091.733871,4863.914516,1824.596774,8543.345161,5519.153226,2379.033871,4788.306452,8800.401613,337.7016129,1491.935484,5176.41129,801.4112903,5448.58871,2328.629032,947.5806452,3810.483871,11411.29516,5690.520968,4107.862903,1562.5
249,201209,2012,09,13630.20167,1062.5,5588.543333,4619.791667,1838.541667,4072.915,8625.001667,3223.958333,13177.09333,7218.75,4234.373333,4421.876667,8442.705,1421.875,2046.875,1885.416667,2114.585,3645.831667,2906.25,1786.458333,5322.916667,13135.41667,5692.705,4421.875,3067.708333
250,201210,2012,10,32474.79677,4934.477419,11557.45645,7046.369355,1985.887097,3286.290323,9178.429032,3946.572581,14571.57097,10418.34355,12757.06613,4319.554839,19621.97581,1925.403226,2610.887097,2822.580645,6648.182258,5463.71129,1668.346774,992.9435484,5055.443548,10282.25323,7157.258065,5050.403226,3941.532258
251,201211,2012,11,25323.66071,8688.610714,8013.392857,13844.85536,2170.758929,4531.25,12193.08036,4960.9375,9213.164286,6830.357143,16746.65,5396.207143,20513.39643,1551.339286,5078.125,7767.851786,7131.694643,9659.591071,5446.428571,2566.964286,8242.192857,21422.98214,7327.017857,5563.616071,8638.389286
252,201212,2012,12,NA,NA,NA,NA,NA,NA,NA,NA,NA,NA,NA,NA,NA,NA,NA,NA,NA,NA,NA,NA,NA,NA,NA,NA,NA
253,201301,2013,01,0,15.12096774,4637.095161,1083.669355,9218.75,1023.185484,2545.362903,11960.68548,30.24193548,0,0,0,0,0,4420.367742,473.7903226,161.2903226,0,1275.201613,1129.032258,2464.719355,18634.07581,14390.11935,11320.56452,30.24193548
254,201302,2013,02,0,0,4994.612069,0,4423.491379,48.49137931,3793.103448,5032.325862,32.32758621,0,0,0,0,0,10.77586207,862.0689655,2801.72069,0,0,0,0,10.77586207,16.1637931,10.77586207,253.2327586
255,201303,2013,03,12137.09677,10317.54355,7373.993548,1849.798387,1517.137097,504.0322581,6562.504839,3402.217742,5972.782258,2545.364516,1683.467742,3644.158065,4052.424194,0,0,3200.604839,12258.07097,0,0,0,0,105.8467742,6875.004839,5453.629032,6577.616129
256,201304,2013,04,17106.67241,3577.586207,6201.510345,7591.594828,3846.982759,2101.291379,9175.65,4067.887931,11276.93793,7392.241379,7710.132759,6298.493103,11961.20172,1239.225862,4337.281034,1346.982759,4057.108621,2165.946552,775.862069,625,2510.775862,14256.47241,4396.55,3049.568966,3399.786207
257,201305,2013,05,15126.00806,2449.596774,6930.440323,5433.466129,3109.879032,4037.298387,7071.570968,5761.08871,12575.60484,4763.104839,3623.990323,5075.608065,14647.17742,5186.491935,4778.225806,1003.024194,4611.898387,7943.546774,4279.233871,2217.741935,4017.13871,14803.43226,7343.745161,3487.903226,5761.08871
258,201306,2013,06,11781.24833,2812.5,4515.626667,8718.748333,3869.791667,5677.085,7822.918333,2635.416667,17312.5,8713.546667,8630.203333,2458.333333,15031.255,2270.833333,8005.208333,973.9583333,1838.543333,7963.543333,3156.25,1401.041667,3953.125,17828.12667,6104.17,2697.916667,2390.625
259,201307,2013,07,9682.456452,1204.637097,2036.290323,3886.090323,2006.048387,2626.008065,4400.2,655.2419355,11123.99194,7474.801613,5877.016129,2217.741935,7293.340323,801.4112903,1194.556452,2303.427419,372.983871,4254.032258,645.1612903,282.2580645,2832.66129,8558.462903,1945.564516,1250,2379.032258
260,201308,2013,08,10383.06452,3039.314516,5443.541935,6678.425806,3099.798387,3114.920968,6507.059677,327.6209677,14037.29677,5433.467742,7575.606452,3059.475806,11149.19839,458.6693548,841.733871,3634.070968,45.36290323,4354.840323,509.0725806,216.733871,2772.177419,11229.84032,2137.093548,771.1693548,887.0967742
261,201309,2013,09,23636.85345,6955.82069,5905.175862,6686.427586,6643.32069,6756.463793,8405.174138,1939.655172,9466.593103,5016.162069,8006.468966,3938.57931,8227.372414,1379.310345,1557.112069,2516.163793,1778.017241,8372.841379,910.5603448,123.9224138,1858.836207,2548.493103,4800.646552,4207.974138,1427.801724
262,201310,2013,10,20126.01774,6008.064516,8906.23871,5393.145161,3397.177419,7762.090323,9974.801613,1300.403226,19712.70484,8941.530645,13760.08387,675.4032258,13563.51452,902.2177419,3840.724194,1164.314516,1350.806452,12404.23065,534.2741935,312.5,4450.604839,6733.869355,11325.60323,9339.724194,3755.040323
263,201311,2013,11,7408.401724,9881.472414,13006.45862,5867.455172,7397.62931,9170.258621,5603.451724,8076.505172,17106.68793,14482.75172,28081.9,2424.568966,14471.98448,220.9051724,2015.087931,4040.944828,10010.77414,14520.47414,4698.275862,3340.517241,7516.174138,20328.66724,12015.08793,9229.525862,1196.12069
264,201312,2013,12,NA,NA,NA,NA,NA,NA,NA,NA,NA,NA,NA,NA,NA,NA,NA,NA,NA,NA,NA,NA,NA,NA,NA,NA,NA
265,201401,2014,01,0,0,246.9758065,4667.333871,0,0,0,0,120.9677419,16118.94839,39178.42903,9495.962903,13795.3629,65.52419355,1134.072581,3946.574194,22802.42258,0,0,0,0,0,1214.717742,927.4193548,0
266,201402,2014,02,0,10.77586207,501.0758621,441.8086207,0,0,0,0,0,4703.662069,12149.78276,4170.258621,0,765.0862069,3195.043103,5.387931034,11336.2069,0,0,0,0,0,59.26724138,0,32.32758621
267,201403,2014,03,13306.45161,3503.022581,8014.112903,2348.78871,710.6854839,332.6612903,584.6774194,151.2096774,584.6774194,3432.462903,4687.504839,4793.351613,7489.914516,625,3669.354839,3931.451613,1134.072581,3019.153226,393.1451613,388.1048387,740.9290323,3457.66129,1562.5,751.0096774,2540.322581
268,201404,2014,04,15057.3,8708.331667,7833.325,4958.333333,3328.125,4619.793333,11088.535,7052.076667,16338.545,6989.585,1260.416667,7218.751667,9963.55,1442.708333,7026.038333,3458.333333,979.1666667,5494.79,2031.25,3619.791667,6156.25,8968.75,4963.54,2437.5,1463.541667
269,201405,2014,05,11587.69677,2913.306452,4299.391935,5730.843548,3200.604839,7908.264516,11154.23226,5020.162903,21945.56935,9828.624194,6219.759677,2983.870968,10851.81935,4052.419355,3719.758065,1088.709677,352.8225806,7202.617742,3049.395161,3447.580645,7918.353226,15877.02258,8271.166129,2681.451613,3422.379032
270,201406,2014,06,11354.16833,1562.5,2255.208333,2302.083333,2151.041667,2937.496667,6322.913333,2437.5,9505.203333,4458.333333,1859.375,3072.916667,9489.583333,895.8333333,1619.791667,2619.791667,286.4583333,10463.535,3182.291667,2942.708333,5572.916667,8208.335,1000,630.2083333,843.75
271,201407,2014,07,8312.505,1390.625,3312.501667,5062.5,3005.208333,5494.791667,7427.081667,744.7916667,14989.58833,7578.126667,5526.041667,3958.333333,13906.24833,151.0416667,911.4583333,286.4583333,968.75,3848.956667,1510.416667,1203.125,2791.666667,5427.086667,1979.166667,1890.625,1822.916667
272,201408,2014,08,16829.63548,1748.991935,2938.508065,3855.845161,1653.225806,2752.017742,4737.903226,327.6209677,10796.37419,7721.774194,6234.880645,3059.475806,13336.69032,665.3225806,826.6129032,614.9193548,2772.172581,2328.629032,1728.830645,987.9032258,1708.669355,6885.083871,4349.798387,4924.396774,2041.330645
273,201409,2014,09,18369.78667,4182.291667,9187.508333,7005.208333,2489.583333,2994.79,6395.833333,5.208333333,15348.95833,6848.958333,21838.55333,2932.291667,17677.09667,916.6666667,3130.208333,2661.458333,4187.5,2843.751667,2229.166667,2526.041667,4005.208333,19197.9,12083.33667,5494.795,4473.958333
274,201410,2014,10,14863.90806,3200.604839,11270.16452,10398.1871,3049.395161,4904.235484,7515.122581,241.9354839,20735.89355,9490.920968,16834.67903,5267.13871,18528.22419,221.7741935,1774.193548,1875,1723.790323,11990.92903,2530.241935,3125,6360.885484,9485.882258,1748.991935,2661.290323,5524.191935
275,201411,2014,11,36751.07414,7332.972414,2634.7,10899.78276,8415.948276,4865.296552,10312.50172,220.9051724,21869.6069,5414.868966,18464.43793,5490.308621,35102.37586,1519.396552,425.6465517,2036.637931,4207.974138,11287.71552,4197.198276,3259.698276,7984.913793,23060.33966,2413.791379,2144.4,10204.73793
276,201412,2014,12,NA,NA,NA,NA,NA,NA,NA,NA,NA,NA,NA,NA,NA,NA,NA,NA,NA,NA,NA,NA,NA,NA,NA,NA,NA
277,201501,2015,01,0,30.24193548,0,0,2726.814516,826.6129032,4007.056452,3397.177419,40.32258065,10.08064516,5.040322581,0,0,0,327.6209677,1038.306452,1239.919355,0,3876.008065,6260.080645,15756.04194,10.08064516,10.08064516,0,0
278,201502,2015,02,0,16.1637931,10.77586207,0,447.1982759,32.32758621,878.2327586,2510.775862,237.0689655,53.87931034,5.387931034,10.77586207,0,0,0,1330.818966,21632.54828,0,4967.672414,6223.060345,16519.39655,964.4396552,32.32758621,0,0
279,201503,2015,03,17111.89516,4420.362903,2439.512903,0,0,0,0,1960.685484,3039.312903,3341.733871,5927.420968,2192.53871,3986.893548,0,2368.951613,1118.951613,4637.096774,15.12096774,2479.83871,2983.870968,8896.16129,10640.12258,786.2903226,3331.653226,3503.022581
280,201504,2015,04,22937.49833,3010.416667,4114.583333,5151.038333,2494.791667,4380.208333,4661.46,3510.415,10171.87167,6770.833333,1828.125,4817.71,12151.03833,4223.955,7302.078333,4692.71,2770.833333,5145.831667,411.4583333,645.8333333,4078.125,16005.20667,4098.956667,2729.166667,2260.416667
281,201505,2015,05,21950.60484,3261.08871,4531.253226,4642.137097,2187.5,3487.904839,6134.072581,2071.572581,2610.887097,1441.532258,504.0322581,4017.137097,5821.569355,2343.75,5977.822581,4480.846774,2852.820968,6290.320968,282.2580645,564.516129,3064.516129,4747.983871,7565.524194,2615.927419,2273.185484
282,201506,2015,06,21054.6875,1992.1875,7996.657143,4425.223214,2929.6875,6908.478571,7332.5875,3800.223214,16183.0375,6729.905357,2672.991071,3789.0625,10837.05536,987.7232143,3532.366071,1149.553571,1858.260714,4620.5375,580.3571429,78.125,2293.526786,8616.067857,2739.955357,1383.928571,2589.285714
283,201507,2015,07,16486.88387,1325.604839,3981.856452,2459.677419,2767.137097,7368.954839,5337.703226,2706.653226,7116.940323,3931.451613,907.2580645,2288.306452,4747.983871,801.4112903,2162.298387,2646.169355,2167.33871,3739.919355,408.266129,191.5322581,1970.766129,10640.12903,1910.282258,982.8629032,902.2177419
284,201508,2015,08,7010.421667,2046.875,2916.665,1583.333333,1833.333333,3583.336667,6020.833333,3651.043333,5442.703333,5374.998333,963.5416667,3015.625,7979.163333,848.9583333,1411.458333,2354.166667,776.0416667,2744.791667,489.5833333,166.6666667,2989.583333,9140.628333,2536.46,1260.416667,817.7083333
285,201509,2015,09,12370.69138,1961.206897,3432.110345,3195.043103,2500,3081.898276,6799.572414,4789.87069,9348.060345,7381.462069,3184.265517,2020.474138,8653.018966,732.7586207,1303.87931,3599.139655,1810.344828,3475.215517,1185.344828,770.4741379,2462.284483,12392.24828,2548.491379,1713.362069,447.1982759
286,201510,2015,10,27066.52903,1698.58871,17978.82097,10423.37742,3155.241935,5594.76129,7913.308065,3422.379032,18805.45161,10912.29839,12368.95645,3044.354839,17116.92903,7535.274194,4102.822581,5700.606452,473.7903226,9495.959677,3709.677419,2661.290323,5801.41129,20987.9129,6224.798387,6507.058065,4223.78871
287,201511,2015,11,4331.894828,6206.894828,1875,15457.98103,11303.89138,12316.81034,11734.91207,3302.801724,18744.60862,10463.3569,19714.43448,2952.586207,5598.060345,1190.732759,2128.231034,2667.027586,474.137931,10210.12414,3421.336207,1950.431034,6109.913793,27828.65862,10026.93793,11309.27241,4762.932759
288,201512,2015,12,NA,NA,NA,NA,NA,NA,NA,NA,NA,NA,NA,NA,NA,NA,NA,NA,NA,NA,NA,NA,NA,NA,NA,NA,NA
289,201601,2016,01,30.24193548,0,0,0,0,80.64516129,0,1673.387097,5.040322581,0,0,0,0,0,0,393.1451613,9717.743548,3739.914516,0,0,0,0,0,0,0
290,201602,2016,02,16.1637931,0,0,0,0,5.387931034,0,16.1637931,0,96.98275862,26.93965517,220.9051724,0,0,0,0,2009.698276,1950.431034,0,0,43.10344828,43.10344828,0,0,0
291,201603,2016,03,7258.064516,3195.56129,2333.670968,0,0,0,0,156.25,1335.685484,3286.290323,6391.130645,3820.559677,5771.164516,0,0,0,70.56451613,3371.979032,1053.427419,1552.419355,3800.403226,3583.669355,257.0564516,45.36290323,3160.279032
292,201604,2016,04,21551.72069,3706.896552,6034.482759,4886.85,3976.293103,4331.896552,9148.708621,8372.846552,16998.92759,7004.313793,4881.465517,8906.244828,12429.95517,635.7758621,2171.334483,668.1034483,2004.310345,7198.277586,867.4568966,705.8189655,1314.655172,7117.455172,4924.572414,3146.551724,3071.118966
293,201605,2016,05,19889.11613,4037.298387,2686.491935,6421.370968,8739.917742,6028.227419,11381.03871,5332.66129,9611.893548,5110.882258,1784.274194,5025.201613,10060.48548,2852.822581,5005.040323,4133.064516,5856.85,3180.445161,2993.95,3044.354839,5640.127419,17716.72419,9647.180645,3346.774194,1814.516129
294,201606,2016,06,4735.987931,2192.887931,2354.525862,4094.827586,4870.689655,6352.374138,6503.231034,4762.931034,6810.344828,4617.455172,1815.732759,2332.974138,8723.055172,1519.396552,3448.275862,5301.724138,1147.62931,11417.03276,2979.525862,1864.224138,4606.681034,20016.16379,3593.75,2063.577586,926.7241379
295,201607,2016,07,9969.753226,801.4112903,2111.895161,5156.25,4238.912903,2898.187097,4188.508065,1985.887097,6784.272581,5836.696774,1174.395161,1577.620968,5836.691935,1970.766129,418.3467742,2893.145161,6970.764516,13296.37903,1955.645161,1305.443548,2787.298387,14546.37258,5080.640323,4304.433871,388.1048387
296,201608,2016,08,10509.06935,1814.516129,2888.104839,6648.185484,4460.685484,4526.206452,7872.985484,4102.822581,12590.71774,6673.382258,9324.6,3281.25,13760.08065,1592.741935,1552.419355,2862.903226,7560.482258,6648.187097,2182.459677,2837.701613,4037.296774,11441.52742,4773.183871,2938.508065,2696.572581
297,201609,2016,09,18317.715,2598.953333,1588.541667,6609.378333,1854.166667,7234.375,7130.206667,4234.375,16296.88,5364.588333,10088.53833,3281.25,13244.79333,1812.5,1093.75,1880.208333,3479.168333,6598.96,2510.416667,2328.125,6385.413333,13734.37167,7057.296667,3963.541667,1317.708333
298,201610,2016,10,14421.88333,7828.121667,4489.583333,9255.198333,4609.375,3453.125,7489.586667,3432.291667,22197.92333,8182.305,18244.79,6114.586667,24885.41833,1307.291667,1765.626667,6578.126667,1854.166667,3484.371667,2130.208333,2682.291667,8255.213333,19255.215,6567.71,6145.831667,2317.708333
299,201611,2016,11,38359.39,15624.99167,2531.25,11770.83167,7489.583333,3005.208333,13151.04333,4432.291667,9635.415,4895.83,10770.83333,5442.703333,18130.20667,1083.333333,760.4166667,4140.626667,343.75,14713.545,3052.083333,3718.75,7171.873333,9130.21,2473.958333,3854.163333,6390.621667
300,201612,2016,12,NA,NA,NA,NA,NA,NA,NA,NA,NA,NA,NA,NA,NA,NA,NA,NA,NA,NA,NA,NA,NA,NA,NA,NA,NA
301,201701,2017,01,0,5.208333333,208.3333333,0,4760.415,62.5,2130.203333,3208.333333,8869.79,0,0,0,0,0,15.625,0,10317.7,5.208333333,0,0,0,0,0,0,0
302,201702,2017,02,0,0,193.9655172,113.1465517,0,21.55172414,140.0862069,129.3103448,5.387931034,0,0,0,0,75.43103448,0,0,21282.32586,0,0,0,0,0,0,0,0
303,201703,2017,03,1774.191935,3482.864516,4087.701613,10.08064516,0,206.6532258,0,493.9516129,4521.167742,30.24193548,1028.225806,0,0,0,15.12096774,0,16098.7871,0,0,0,0,115.9274194,0,0,25.2016129
304,201704,2017,04,24770.835,10729.175,7385.411667,4770.83,453.125,437.5016667,2817.708333,2880.208333,15119.79167,4015.626667,2817.706667,4515.626667,4651.04,1380.208333,3671.875,244.7916667,10390.62833,802.0833333,1067.708333,744.7916667,2494.79,161.4583333,20.83333333,0,2567.71
305,201705,2017,05,26123.98871,5650.2,5554.433871,5070.564516,1980.846774,7384.072581,6300.401613,4989.919355,10957.65968,9753.029032,5257.053226,4873.990323,14707.66452,2620.969355,6945.562903,3795.364516,5655.243548,4803.425806,3301.41129,2258.064516,5010.080645,9788.314516,12273.17581,5509.072581,7716.737097
306,201706,2017,06,18421.86833,3859.373333,3593.75,7343.743333,1661.458333,4104.165,9994.793333,3901.041667,12630.19667,8552.081667,3921.873333,3489.583333,8416.668333,1244.791667,1489.585,2166.666667,1395.835,4255.206667,1369.791667,828.125,2229.166667,7078.121667,7057.29,2916.666667,906.25
307,201707,2017,07,14390.1129,2484.879032,2353.830645,2474.796774,2389.112903,5725.808065,9400.204839,3165.320968,11068.55,7928.427419,3326.612903,2449.598387,9717.741935,1441.532258,1809.475806,1633.064516,393.1451613,2958.667742,519.1532258,453.6290323,831.6532258,2837.701613,2419.354839,1265.120968,680.4435484
308,201708,2017,08,19763.09839,2308.467742,2162.298387,3064.516129,3881.048387,4218.75,5932.46129,982.8629032,11416.33548,5735.887097,388.1048387,2968.75,9485.887097,866.9354839,1103.830645,2459.677419,584.6774194,9097.780645,100.8064516,25.2016129,105.8467742,3034.274194,786.2903226,493.9516129,1562.5
309,201709,2017,09,22515.61833,2421.875,2458.331667,4927.085,2093.75,6260.413333,4604.166667,4250,10114.58167,1130.208333,869.7916667,3515.625,11526.035,6364.583333,7119.786667,4427.085,2401.04,2109.375,562.5,93.75,5.208333333,6760.416667,1364.583333,442.7083333,1979.165
310,201710,2017,10,23331.65645,1360.887097,9112.9,8760.079032,2938.508065,5544.354839,7016.129032,4133.064516,11335.68226,5418.343548,6068.548387,4395.16129,17797.38065,9737.896774,7565.524194,5297.379032,972.7822581,9405.241935,2318.548387,514.1129032,272.1774194,22011.0871,9868.954839,4742.943548,5191.532258
311,201711,2017,11,19575.88571,1216.517857,4944.2,8147.328571,5479.910714,16249.98929,13158.48571,5792.410714,12209.825,13627.22857,25758.92857,1506.696429,25189.74286,10446.425,10703.12143,4408.482143,7712.067857,6875,1484.375,78.125,625,17812.49643,12343.76071,13939.73571,8158.485714
312,201712,2017,12,NA,NA,NA,NA,NA,NA,NA,NA,NA,NA,NA,NA,NA,NA,NA,NA,NA,NA,NA,NA,NA,NA,NA,NA,NA
